TYPENAME,NAME,LABEL,VALUETXT,VALUE,VALUNIT,COMMENT,LLIM,ULIM,ROUTE,STARTIME,ENDTIME,TIMEUNIT,ID,DOSE,SPECIES,INDNAME,DRUG,REF,DOSEpmol
dose,dose,,,30,mg/kg,,0.15,NaN,IV BOLUS,NA,NA,day,3,30,mice,CIA mice,CNTO345,Chen16,337.5
Serum,pk,,,2.30E+03,pmol/ml,,0.15,,,0.083,NA,day,3,30,mice,CIA mice,CNTO345,Chen16,337.5
Serum,pk,,,2.80E+03,pmol/ml,,0.15,,,0.083,NA,day,3,30,mice,CIA mice,CNTO345,Chen16,337.5
Serum,pk,,,3.40E+03,pmol/ml,,0.15,,,0.083,NA,day,3,30,mice,CIA mice,CNTO345,Chen16,337.5
Serum,pk,,,4.10E+03,pmol/ml,,0.15,,,0.083,NA,day,3,30,mice,CIA mice,CNTO345,Chen16,337.5
Serum,pk,,,5.40E+03,pmol/ml,,0.15,,,0.083,NA,day,3,30,mice,CIA mice,CNTO345,Chen16,337.5
Serum,pk,,,1.50E+03,pmol/ml,,0.15,,,0.33,NA,day,3,30,mice,CIA mice,CNTO345,Chen16,337.5
Serum,pk,,,1.80E+03,pmol/ml,,0.15,,,0.33,NA,day,3,30,mice,CIA mice,CNTO345,Chen16,337.5
Serum,pk,,,2.30E+03,pmol/ml,,0.15,,,0.33,NA,day,3,30,mice,CIA mice,CNTO345,Chen16,337.5
Serum,pk,,,2.60E+03,pmol/ml,,0.15,,,0.33,NA,day,3,30,mice,CIA mice,CNTO345,Chen16,337.5
Serum,pk,,,3.60E+03,pmol/ml,,0.15,,,0.33,NA,day,3,30,mice,CIA mice,CNTO345,Chen16,337.5
Serum,pk,,,1.00E+03,pmol/ml,,0.15,,,1,NA,day,3,30,mice,CIA mice,CNTO345,Chen16,337.5
Serum,pk,,,1.10E+03,pmol/ml,,0.15,,,1,NA,day,3,30,mice,CIA mice,CNTO345,Chen16,337.5
Serum,pk,,,1.60E+03,pmol/ml,,0.15,,,1,NA,day,3,30,mice,CIA mice,CNTO345,Chen16,337.5
Serum,pk,,,2.00E+03,pmol/ml,,0.15,,,1,NA,day,3,30,mice,CIA mice,CNTO345,Chen16,337.5
Serum,pk,,,2.80E+03,pmol/ml,,0.15,,,1,NA,day,3,30,mice,CIA mice,CNTO345,Chen16,337.5
Serum,pk,,,8.70E+02,pmol/ml,,0.15,,,2,NA,day,3,30,mice,CIA mice,CNTO345,Chen16,337.5
Serum,pk,,,1.10E+03,pmol/ml,,0.15,,,2,NA,day,3,30,mice,CIA mice,CNTO345,Chen16,337.5
Serum,pk,,,1.40E+03,pmol/ml,,0.15,,,2,NA,day,3,30,mice,CIA mice,CNTO345,Chen16,337.5
Serum,pk,,,1.80E+03,pmol/ml,,0.15,,,2,NA,day,3,30,mice,CIA mice,CNTO345,Chen16,337.5
Serum,pk,,,2.60E+03,pmol/ml,,0.15,,,2,NA,day,3,30,mice,CIA mice,CNTO345,Chen16,337.5
Serum,pk,,,9.30E+02,pmol/ml,,0.15,,,3,NA,day,3,30,mice,CIA mice,CNTO345,Chen16,337.5
Serum,pk,,,1.10E+03,pmol/ml,,0.15,,,3,NA,day,3,30,mice,CIA mice,CNTO345,Chen16,337.5
Serum,pk,,,1.50E+03,pmol/ml,,0.15,,,3,NA,day,3,30,mice,CIA mice,CNTO345,Chen16,337.5
Serum,pk,,,4.10E+02,pmol/ml,,0.15,,,5,NA,day,3,30,mice,CIA mice,CNTO345,Chen16,337.5
Serum,pk,,,5.80E+02,pmol/ml,,0.15,,,5,NA,day,3,30,mice,CIA mice,CNTO345,Chen16,337.5
Serum,pk,,,7.10E+02,pmol/ml,,0.15,,,5,NA,day,3,30,mice,CIA mice,CNTO345,Chen16,337.5
Serum,pk,,,9.30E+02,pmol/ml,,0.15,,,5,NA,day,3,30,mice,CIA mice,CNTO345,Chen16,337.5
Serum,pk,,,2.60E+02,pmol/ml,,0.15,,,7,NA,day,3,30,mice,CIA mice,CNTO345,Chen16,337.5
Serum,pk,,,3.40E+02,pmol/ml,,0.15,,,7,NA,day,3,30,mice,CIA mice,CNTO345,Chen16,337.5
Serum,pk,,,4.10E+02,pmol/ml,,0.15,,,7,NA,day,3,30,mice,CIA mice,CNTO345,Chen16,337.5
Serum,pk,,,5.10E+02,pmol/ml,,0.15,,,7,NA,day,3,30,mice,CIA mice,CNTO345,Chen16,337.5
Serum,pk,,,6.70E+02,pmol/ml,,0.15,,,7,NA,day,3,30,mice,CIA mice,CNTO345,Chen16,337.5
Serum,pk,,,8.70E+02,pmol/ml,,0.15,,,7,NA,day,3,30,mice,CIA mice,CNTO345,Chen16,337.5
Serum,pk,,,82,pmol/ml,,0.15,,,10,NA,day,3,30,mice,CIA mice,CNTO345,Chen16,337.5
Serum,pk,,,1.00E+02,pmol/ml,,0.15,,,10,NA,day,3,30,mice,CIA mice,CNTO345,Chen16,337.5
Serum,pk,,,1.30E+02,pmol/ml,,0.15,,,10,NA,day,3,30,mice,CIA mice,CNTO345,Chen16,337.5
Serum,pk,,,1.60E+02,pmol/ml,,0.15,,,10,NA,day,3,30,mice,CIA mice,CNTO345,Chen16,337.5
Serum,pk,,,2.30E+02,pmol/ml,,0.15,,,10,NA,day,3,30,mice,CIA mice,CNTO345,Chen16,337.5
Serum,pk,,,3.20E+02,pmol/ml,,0.15,,,10,NA,day,3,30,mice,CIA mice,CNTO345,Chen16,337.5
Serum,pk,,,3.9,pmol/ml,,0.15,,,14,NA,day,3,30,mice,CIA mice,CNTO345,Chen16,337.5
Serum,pk,,,23,pmol/ml,,0.15,,,14,NA,day,3,30,mice,CIA mice,CNTO345,Chen16,337.5
Serum,pk,,,26,pmol/ml,,0.15,,,14,NA,day,3,30,mice,CIA mice,CNTO345,Chen16,337.5
Serum,pk,,,34,pmol/ml,,0.15,,,14,NA,day,3,30,mice,CIA mice,CNTO345,Chen16,337.5
Serum,pk,,,44,pmol/ml,,0.15,,,14,NA,day,3,30,mice,CIA mice,CNTO345,Chen16,337.5
Serum,pk,,,62,pmol/ml,,0.15,,,14,NA,day,3,30,mice,CIA mice,CNTO345,Chen16,337.5
Serum,pk,,,82,pmol/ml,,0.15,,,14,NA,day,3,30,mice,CIA mice,CNTO345,Chen16,337.5
Serum,pk,,,1.40E+02,pmol/ml,,0.15,,,14,NA,day,3,30,mice,CIA mice,CNTO345,Chen16,337.5
Serum,pk,,,1.8,pmol/ml,,0.15,,,21,NA,day,3,30,mice,CIA mice,CNTO345,Chen16,337.5
Serum,pk,,,2.3,pmol/ml,,0.15,,,21,NA,day,3,30,mice,CIA mice,CNTO345,Chen16,337.5
Serum,pk,,,3.9,pmol/ml,,0.15,,,21,NA,day,3,30,mice,CIA mice,CNTO345,Chen16,337.5
Serum,pk,,,15,pmol/ml,,0.15,,,21,NA,day,3,30,mice,CIA mice,CNTO345,Chen16,337.5
Serum,pk,,,20,pmol/ml,,0.15,,,21,NA,day,3,30,mice,CIA mice,CNTO345,Chen16,337.5
Serum,pk,,,30,pmol/ml,,0.15,,,21,NA,day,3,30,mice,CIA mice,CNTO345,Chen16,337.5
Serum,pk,,,36,pmol/ml,,0.15,,,21,NA,day,3,30,mice,CIA mice,CNTO345,Chen16,337.5
Serum,pk,,,47,pmol/ml,,0.15,,,21,NA,day,3,30,mice,CIA mice,CNTO345,Chen16,337.5
dose,dose,,,0.3,mg/kg,,0.15,NaN,IV BOLUS,NA,NA,day,1,0.3,mice,CIA mice,CNTO345,Chen16,3.375
Serum,pk,,,12,pmol/ml,,0.15,,,0.083,NA,day,1,0.3,mice,CIA mice,CNTO345,Chen16,3.375
Serum,pk,,,15,pmol/ml,,0.15,,,0.083,NA,day,1,0.3,mice,CIA mice,CNTO345,Chen16,3.375
Serum,pk,,,18,pmol/ml,,0.15,,,0.083,NA,day,1,0.3,mice,CIA mice,CNTO345,Chen16,3.375
Serum,pk,,,22,pmol/ml,,0.15,,,0.083,NA,day,1,0.3,mice,CIA mice,CNTO345,Chen16,3.375
Serum,pk,,,27,pmol/ml,,0.15,,,0.083,NA,day,1,0.3,mice,CIA mice,CNTO345,Chen16,3.375
Serum,pk,,,38,pmol/ml,,0.15,,,0.083,NA,day,1,0.3,mice,CIA mice,CNTO345,Chen16,3.375
Serum,pk,,,10,pmol/ml,,0.15,,,0.33,NA,day,1,0.3,mice,CIA mice,CNTO345,Chen16,3.375
Serum,pk,,,12,pmol/ml,,0.15,,,0.33,NA,day,1,0.3,mice,CIA mice,CNTO345,Chen16,3.375
Serum,pk,,,14,pmol/ml,,0.15,,,0.33,NA,day,1,0.3,mice,CIA mice,CNTO345,Chen16,3.375
Serum,pk,,,18,pmol/ml,,0.15,,,0.33,NA,day,1,0.3,mice,CIA mice,CNTO345,Chen16,3.375
Serum,pk,,,22,pmol/ml,,0.15,,,0.33,NA,day,1,0.3,mice,CIA mice,CNTO345,Chen16,3.375
Serum,pk,,,5.2,pmol/ml,,0.15,,,1,NA,day,1,0.3,mice,CIA mice,CNTO345,Chen16,3.375
Serum,pk,,,6.4,pmol/ml,,0.15,,,1,NA,day,1,0.3,mice,CIA mice,CNTO345,Chen16,3.375
Serum,pk,,,7.9,pmol/ml,,0.15,,,1,NA,day,1,0.3,mice,CIA mice,CNTO345,Chen16,3.375
Serum,pk,,,11,pmol/ml,,0.15,,,1,NA,day,1,0.3,mice,CIA mice,CNTO345,Chen16,3.375
Serum,pk,,,14,pmol/ml,,0.15,,,1,NA,day,1,0.3,mice,CIA mice,CNTO345,Chen16,3.375
Serum,pk,,,3.3,pmol/ml,,0.15,,,2,NA,day,1,0.3,mice,CIA mice,CNTO345,Chen16,3.375
Serum,pk,,,4.3,pmol/ml,,0.15,,,2,NA,day,1,0.3,mice,CIA mice,CNTO345,Chen16,3.375
Serum,pk,,,4.9,pmol/ml,,0.15,,,2,NA,day,1,0.3,mice,CIA mice,CNTO345,Chen16,3.375
Serum,pk,,,6,pmol/ml,,0.15,,,2,NA,day,1,0.3,mice,CIA mice,CNTO345,Chen16,3.375
Serum,pk,,,7.4,pmol/ml,,0.15,,,2,NA,day,1,0.3,mice,CIA mice,CNTO345,Chen16,3.375
Serum,pk,,,11,pmol/ml,,0.15,,,2,NA,day,1,0.3,mice,CIA mice,CNTO345,Chen16,3.375
Serum,pk,,,2.7,pmol/ml,,0.15,,,3,NA,day,1,0.3,mice,CIA mice,CNTO345,Chen16,3.375
Serum,pk,,,3.7,pmol/ml,,0.15,,,3,NA,day,1,0.3,mice,CIA mice,CNTO345,Chen16,3.375
Serum,pk,,,4.9,pmol/ml,,0.15,,,3,NA,day,1,0.3,mice,CIA mice,CNTO345,Chen16,3.375
Serum,pk,,,6,pmol/ml,,0.15,,,3,NA,day,1,0.3,mice,CIA mice,CNTO345,Chen16,3.375
Serum,pk,,,7.9,pmol/ml,,0.15,,,3,NA,day,1,0.3,mice,CIA mice,CNTO345,Chen16,3.375
Serum,pk,,,11,pmol/ml,,0.15,,,3,NA,day,1,0.3,mice,CIA mice,CNTO345,Chen16,3.375
Serum,pk,,,0.73,pmol/ml,,0.15,,,5,NA,day,1,0.3,mice,CIA mice,CNTO345,Chen16,3.375
Serum,pk,,,1,pmol/ml,,0.15,,,5,NA,day,1,0.3,mice,CIA mice,CNTO345,Chen16,3.375
Serum,pk,,,1.5,pmol/ml,,0.15,,,5,NA,day,1,0.3,mice,CIA mice,CNTO345,Chen16,3.375
Serum,pk,,,2,pmol/ml,,0.15,,,5,NA,day,1,0.3,mice,CIA mice,CNTO345,Chen16,3.375
Serum,pk,,,2.5,pmol/ml,,0.15,,,5,NA,day,1,0.3,mice,CIA mice,CNTO345,Chen16,3.375
Serum,pk,,,3.5,pmol/ml,,0.15,,,5,NA,day,1,0.3,mice,CIA mice,CNTO345,Chen16,3.375
Serum,pk,,,0.2,pmol/ml,,0.15,,,7,NA,day,1,0.3,mice,CIA mice,CNTO345,Chen16,3.375
Serum,pk,,,0.26,pmol/ml,,0.15,,,7,NA,day,1,0.3,mice,CIA mice,CNTO345,Chen16,3.375
Serum,pk,,,0.3,pmol/ml,,0.15,,,7,NA,day,1,0.3,mice,CIA mice,CNTO345,Chen16,3.375
Serum,pk,,,0.39,pmol/ml,,0.15,,,7,NA,day,1,0.3,mice,CIA mice,CNTO345,Chen16,3.375
Serum,pk,,,0.59,pmol/ml,,0.15,,,7,NA,day,1,0.3,mice,CIA mice,CNTO345,Chen16,3.375
Serum,pk,,,0.96,pmol/ml,,0.15,,,7,NA,day,1,0.3,mice,CIA mice,CNTO345,Chen16,3.375
Serum,pk,,,1.9,pmol/ml,,0.15,,,7,NA,day,1,0.3,mice,CIA mice,CNTO345,Chen16,3.375
Serum,pk,,,3.7,pmol/ml,,0.15,,,7,NA,day,1,0.3,mice,CIA mice,CNTO345,Chen16,3.375
Serum,pk,,,0.17,pmol/ml,,0.15,,,10,NA,day,1,0.3,mice,CIA mice,CNTO345,Chen16,3.375
Serum,pk,,,0.28,pmol/ml,,0.15,,,10,NA,day,1,0.3,mice,CIA mice,CNTO345,Chen16,3.375
Serum,pk,,,0.34,pmol/ml,,0.15,,,10,NA,day,1,0.3,mice,CIA mice,CNTO345,Chen16,3.375
Serum,pk,,,0.15,pmol/ml,,0.15,,,14,NA,day,1,0.3,mice,CIA mice,CNTO345,Chen16,3.375
dose,dose,,,3,mg/kg,,0.15,NaN,IV BOLUS,NA,NA,day,2,3,mice,CIA mice,CNTO345,Chen16,33.75
Serum,pk,,,80,pmol/ml,,0.15,,,0.083,NA,day,2,3,mice,CIA mice,CNTO345,Chen16,33.75
Serum,pk,,,1.20E+02,pmol/ml,,0.15,,,0.083,NA,day,2,3,mice,CIA mice,CNTO345,Chen16,33.75
Serum,pk,,,1.70E+02,pmol/ml,,0.15,,,0.083,NA,day,2,3,mice,CIA mice,CNTO345,Chen16,33.75
Serum,pk,,,2.90E+02,pmol/ml,,0.15,,,0.083,NA,day,2,3,mice,CIA mice,CNTO345,Chen16,33.75
Serum,pk,,,4.40E+02,pmol/ml,,0.15,,,0.083,NA,day,2,3,mice,CIA mice,CNTO345,Chen16,33.75
Serum,pk,,,1.40E+02,pmol/ml,,0.15,,,0.33,NA,day,2,3,mice,CIA mice,CNTO345,Chen16,33.75
Serum,pk,,,1.70E+02,pmol/ml,,0.15,,,0.33,NA,day,2,3,mice,CIA mice,CNTO345,Chen16,33.75
Serum,pk,,,2.70E+02,pmol/ml,,0.15,,,0.33,NA,day,2,3,mice,CIA mice,CNTO345,Chen16,33.75
Serum,pk,,,98,pmol/ml,,0.15,,,1,NA,day,2,3,mice,CIA mice,CNTO345,Chen16,33.75
Serum,pk,,,1.50E+02,pmol/ml,,0.15,,,1,NA,day,2,3,mice,CIA mice,CNTO345,Chen16,33.75
Serum,pk,,,1.90E+02,pmol/ml,,0.15,,,1,NA,day,2,3,mice,CIA mice,CNTO345,Chen16,33.75
Serum,pk,,,85,pmol/ml,,0.15,,,2,NA,day,2,3,mice,CIA mice,CNTO345,Chen16,33.75
Serum,pk,,,1.10E+02,pmol/ml,,0.15,,,2,NA,day,2,3,mice,CIA mice,CNTO345,Chen16,33.75
Serum,pk,,,1.40E+02,pmol/ml,,0.15,,,2,NA,day,2,3,mice,CIA mice,CNTO345,Chen16,33.75
Serum,pk,,,33,pmol/ml,,0.15,,,3,NA,day,2,3,mice,CIA mice,CNTO345,Chen16,33.75
Serum,pk,,,53,pmol/ml,,0.15,,,3,NA,day,2,3,mice,CIA mice,CNTO345,Chen16,33.75
Serum,pk,,,70,pmol/ml,,0.15,,,3,NA,day,2,3,mice,CIA mice,CNTO345,Chen16,33.75
Serum,pk,,,98,pmol/ml,,0.15,,,3,NA,day,2,3,mice,CIA mice,CNTO345,Chen16,33.75
Serum,pk,,,1.50E+02,pmol/ml,,0.15,,,3,NA,day,2,3,mice,CIA mice,CNTO345,Chen16,33.75
Serum,pk,,,35,pmol/ml,,0.15,,,5,NA,day,2,3,mice,CIA mice,CNTO345,Chen16,33.75
Serum,pk,,,49,pmol/ml,,0.15,,,5,NA,day,2,3,mice,CIA mice,CNTO345,Chen16,33.75
Serum,pk,,,65,pmol/ml,,0.15,,,5,NA,day,2,3,mice,CIA mice,CNTO345,Chen16,33.75
Serum,pk,,,80,pmol/ml,,0.15,,,5,NA,day,2,3,mice,CIA mice,CNTO345,Chen16,33.75
Serum,pk,,,1.00E+02,pmol/ml,,0.15,,,5,NA,day,2,3,mice,CIA mice,CNTO345,Chen16,33.75
Serum,pk,,,5.2,pmol/ml,,0.15,,,7,NA,day,2,3,mice,CIA mice,CNTO345,Chen16,33.75
Serum,pk,,,6.4,pmol/ml,,0.15,,,7,NA,day,2,3,mice,CIA mice,CNTO345,Chen16,33.75
Serum,pk,,,8.4,pmol/ml,,0.15,,,7,NA,day,2,3,mice,CIA mice,CNTO345,Chen16,33.75
Serum,pk,,,10,pmol/ml,,0.15,,,7,NA,day,2,3,mice,CIA mice,CNTO345,Chen16,33.75
Serum,pk,,,14,pmol/ml,,0.15,,,7,NA,day,2,3,mice,CIA mice,CNTO345,Chen16,33.75
Serum,pk,,,18,pmol/ml,,0.15,,,7,NA,day,2,3,mice,CIA mice,CNTO345,Chen16,33.75
Serum,pk,,,23,pmol/ml,,0.15,,,7,NA,day,2,3,mice,CIA mice,CNTO345,Chen16,33.75
Serum,pk,,,33,pmol/ml,,0.15,,,7,NA,day,2,3,mice,CIA mice,CNTO345,Chen16,33.75
Serum,pk,,,49,pmol/ml,,0.15,,,7,NA,day,2,3,mice,CIA mice,CNTO345,Chen16,33.75
Serum,pk,,,0.19,pmol/ml,,0.15,,,10,NA,day,2,3,mice,CIA mice,CNTO345,Chen16,33.75
Serum,pk,,,0.23,pmol/ml,,0.15,,,10,NA,day,2,3,mice,CIA mice,CNTO345,Chen16,33.75
Serum,pk,,,0.89,pmol/ml,,0.15,,,10,NA,day,2,3,mice,CIA mice,CNTO345,Chen16,33.75
Serum,pk,,,2.8,pmol/ml,,0.15,,,10,NA,day,2,3,mice,CIA mice,CNTO345,Chen16,33.75
Serum,pk,,,4.9,pmol/ml,,0.15,,,10,NA,day,2,3,mice,CIA mice,CNTO345,Chen16,33.75
Serum,pk,,,23,pmol/ml,,0.15,,,10,NA,day,2,3,mice,CIA mice,CNTO345,Chen16,33.75
Serum,pk,,,0.16,pmol/ml,,0.15,,,14,NA,day,2,3,mice,CIA mice,CNTO345,Chen16,33.75
Serum,pk,,,0.32,pmol/ml,,0.15,,,14,NA,day,2,3,mice,CIA mice,CNTO345,Chen16,33.75
Serum,pk,,,0.52,pmol/ml,,0.15,,,14,NA,day,2,3,mice,CIA mice,CNTO345,Chen16,33.75
Serum,pk,,,0.78,pmol/ml,,0.15,,,14,NA,day,2,3,mice,CIA mice,CNTO345,Chen16,33.75
Serum,pk,,,4.6,pmol/ml,,0.15,,,14,NA,day,2,3,mice,CIA mice,CNTO345,Chen16,33.75
Serum,pk,,,12,pmol/ml,,0.15,,,14,NA,day,2,3,mice,CIA mice,CNTO345,Chen16,33.75
Serum,pk,,,0.59,pmol/ml,,0.15,,,21,NA,day,2,3,mice,CIA mice,CNTO345,Chen16,33.75
dose,dose,,,30,mg/kg,,0.15,NaN,IV BOLUS,NA,NA,day,4,30,mice,Healthy mice,CNTO345,Chen16,337.5
Serum,pk,,,3.00E+03,pmol/ml,,0.15,,,0.083,NA,day,4,30,mice,Healthy mice,CNTO345,Chen16,337.5
Serum,pk,,,3.90E+03,pmol/ml,,0.15,,,0.083,NA,day,4,30,mice,Healthy mice,CNTO345,Chen16,337.5
Serum,pk,,,4.70E+03,pmol/ml,,0.15,,,0.083,NA,day,4,30,mice,Healthy mice,CNTO345,Chen16,337.5
Serum,pk,,,6.20E+03,pmol/ml,,0.15,,,0.083,NA,day,4,30,mice,Healthy mice,CNTO345,Chen16,337.5
Serum,pk,,,1.50E+03,pmol/ml,,0.15,,,0.33,NA,day,4,30,mice,Healthy mice,CNTO345,Chen16,337.5
Serum,pk,,,1.70E+03,pmol/ml,,0.15,,,0.33,NA,day,4,30,mice,Healthy mice,CNTO345,Chen16,337.5
Serum,pk,,,2.00E+03,pmol/ml,,0.15,,,0.33,NA,day,4,30,mice,Healthy mice,CNTO345,Chen16,337.5
Serum,pk,,,2.40E+03,pmol/ml,,0.15,,,0.33,NA,day,4,30,mice,Healthy mice,CNTO345,Chen16,337.5
Serum,pk,,,3.20E+03,pmol/ml,,0.15,,,0.33,NA,day,4,30,mice,Healthy mice,CNTO345,Chen16,337.5
Serum,pk,,,1.70E+03,pmol/ml,,0.15,,,1,NA,day,4,30,mice,Healthy mice,CNTO345,Chen16,337.5
Serum,pk,,,2.30E+03,pmol/ml,,0.15,,,1,NA,day,4,30,mice,Healthy mice,CNTO345,Chen16,337.5
Serum,pk,,,3.20E+03,pmol/ml,,0.15,,,1,NA,day,4,30,mice,Healthy mice,CNTO345,Chen16,337.5
Serum,pk,,,1.50E+03,pmol/ml,,0.15,,,2,NA,day,4,30,mice,Healthy mice,CNTO345,Chen16,337.5
Serum,pk,,,1.60E+03,pmol/ml,,0.15,,,2,NA,day,4,30,mice,Healthy mice,CNTO345,Chen16,337.5
Serum,pk,,,2.30E+03,pmol/ml,,0.15,,,2,NA,day,4,30,mice,Healthy mice,CNTO345,Chen16,337.5
Serum,pk,,,1.20E+03,pmol/ml,,0.15,,,3,NA,day,4,30,mice,Healthy mice,CNTO345,Chen16,337.5
Serum,pk,,,1.40E+03,pmol/ml,,0.15,,,3,NA,day,4,30,mice,Healthy mice,CNTO345,Chen16,337.5
Serum,pk,,,1.70E+03,pmol/ml,,0.15,,,3,NA,day,4,30,mice,Healthy mice,CNTO345,Chen16,337.5
Serum,pk,,,2.40E+03,pmol/ml,,0.15,,,3,NA,day,4,30,mice,Healthy mice,CNTO345,Chen16,337.5
Serum,pk,,,6.70E+02,pmol/ml,,0.15,,,5,NA,day,4,30,mice,Healthy mice,CNTO345,Chen16,337.5
Serum,pk,,,8.70E+02,pmol/ml,,0.15,,,5,NA,day,4,30,mice,Healthy mice,CNTO345,Chen16,337.5
Serum,pk,,,1.10E+03,pmol/ml,,0.15,,,5,NA,day,4,30,mice,Healthy mice,CNTO345,Chen16,337.5
Serum,pk,,,1.60E+03,pmol/ml,,0.15,,,5,NA,day,4,30,mice,Healthy mice,CNTO345,Chen16,337.5
Serum,pk,,,6.20E+02,pmol/ml,,0.15,,,7,NA,day,4,30,mice,Healthy mice,CNTO345,Chen16,337.5
Serum,pk,,,8.20E+02,pmol/ml,,0.15,,,7,NA,day,4,30,mice,Healthy mice,CNTO345,Chen16,337.5
Serum,pk,,,1.10E+03,pmol/ml,,0.15,,,7,NA,day,4,30,mice,Healthy mice,CNTO345,Chen16,337.5
Serum,pk,,,4.40E+02,pmol/ml,,0.15,,,10,NA,day,4,30,mice,Healthy mice,CNTO345,Chen16,337.5
Serum,pk,,,5.40E+02,pmol/ml,,0.15,,,10,NA,day,4,30,mice,Healthy mice,CNTO345,Chen16,337.5
Serum,pk,,,7.60E+02,pmol/ml,,0.15,,,10,NA,day,4,30,mice,Healthy mice,CNTO345,Chen16,337.5
Serum,pk,,,1.10E+03,pmol/ml,,0.15,,,10,NA,day,4,30,mice,Healthy mice,CNTO345,Chen16,337.5
Serum,pk,,,3.90E+02,pmol/ml,,0.15,,,14,NA,day,4,30,mice,Healthy mice,CNTO345,Chen16,337.5
Serum,pk,,,4.70E+02,pmol/ml,,0.15,,,14,NA,day,4,30,mice,Healthy mice,CNTO345,Chen16,337.5
Serum,pk,,,6.20E+02,pmol/ml,,0.15,,,14,NA,day,4,30,mice,Healthy mice,CNTO345,Chen16,337.5
Serum,pk,,,9.30E+02,pmol/ml,,0.15,,,14,NA,day,4,30,mice,Healthy mice,CNTO345,Chen16,337.5
Serum,pk,,,1.70E+02,pmol/ml,,0.15,,,21,NA,day,4,30,mice,Healthy mice,CNTO345,Chen16,337.5
Serum,pk,,,2.10E+02,pmol/ml,,0.15,,,21,NA,day,4,30,mice,Healthy mice,CNTO345,Chen16,337.5
Serum,pk,,,2.80E+02,pmol/ml,,0.15,,,21,NA,day,4,30,mice,Healthy mice,CNTO345,Chen16,337.5
Serum,pk,,,3.90E+02,pmol/ml,,0.15,,,21,NA,day,4,30,mice,Healthy mice,CNTO345,Chen16,337.5
Serum,pk,,,5.40E+02,pmol/ml,,0.15,,,21,NA,day,4,30,mice,Healthy mice,CNTO345,Chen16,337.5
dose,dose,,,0.3,mg/kg,,0.001,NaN,IV BOLUS,NA,NA,day,1,0.3,mice,CIA mice,CNTO345,Chen16,3.375
Serum,total target,,,0.00057,pmol/ml,,0.001,,,0.083,NA,day,1,0.3,mice,CIA mice,CNTO345,Chen16,3.375
Serum,total target,,,0.0015,pmol/ml,,0.001,,,0.083,NA,day,1,0.3,mice,CIA mice,CNTO345,Chen16,3.375
Serum,total target,,,0.0037,pmol/ml,,0.001,,,0.083,NA,day,1,0.3,mice,CIA mice,CNTO345,Chen16,3.375
Serum,total target,,,0.0088,pmol/ml,,0.001,,,0.083,NA,day,1,0.3,mice,CIA mice,CNTO345,Chen16,3.375
Serum,total target,,,0.071,pmol/ml,,0.001,,,0.083,NA,day,1,0.3,mice,CIA mice,CNTO345,Chen16,3.375
Serum,total target,,,0.21,pmol/ml,,0.001,,,0.083,NA,day,1,0.3,mice,CIA mice,CNTO345,Chen16,3.375
Serum,total target,,,0.079,pmol/ml,,0.001,,,0.33,NA,day,1,0.3,mice,CIA mice,CNTO345,Chen16,3.375
Serum,total target,,,0.14,pmol/ml,,0.001,,,0.33,NA,day,1,0.3,mice,CIA mice,CNTO345,Chen16,3.375
Serum,total target,,,0.19,pmol/ml,,0.001,,,0.33,NA,day,1,0.3,mice,CIA mice,CNTO345,Chen16,3.375
Serum,total target,,,0.37,pmol/ml,,0.001,,,0.33,NA,day,1,0.3,mice,CIA mice,CNTO345,Chen16,3.375
Serum,total target,,,0.57,pmol/ml,,0.001,,,0.33,NA,day,1,0.3,mice,CIA mice,CNTO345,Chen16,3.375
Serum,total target,,,0.17,pmol/ml,,0.001,,,1,NA,day,1,0.3,mice,CIA mice,CNTO345,Chen16,3.375
Serum,total target,,,0.23,pmol/ml,,0.001,,,1,NA,day,1,0.3,mice,CIA mice,CNTO345,Chen16,3.375
Serum,total target,,,0.36,pmol/ml,,0.001,,,1,NA,day,1,0.3,mice,CIA mice,CNTO345,Chen16,3.375
Serum,total target,,,0.7,pmol/ml,,0.001,,,1,NA,day,1,0.3,mice,CIA mice,CNTO345,Chen16,3.375
Serum,total target,,,0.062,pmol/ml,,0.001,,,2,NA,day,1,0.3,mice,CIA mice,CNTO345,Chen16,3.375
Serum,total target,,,0.086,pmol/ml,,0.001,,,2,NA,day,1,0.3,mice,CIA mice,CNTO345,Chen16,3.375
Serum,total target,,,0.12,pmol/ml,,0.001,,,2,NA,day,1,0.3,mice,CIA mice,CNTO345,Chen16,3.375
Serum,total target,,,0.17,pmol/ml,,0.001,,,2,NA,day,1,0.3,mice,CIA mice,CNTO345,Chen16,3.375
Serum,total target,,,0.29,pmol/ml,,0.001,,,2,NA,day,1,0.3,mice,CIA mice,CNTO345,Chen16,3.375
Serum,total target,,,0.049,pmol/ml,,0.001,,,3,NA,day,1,0.3,mice,CIA mice,CNTO345,Chen16,3.375
Serum,total target,,,0.086,pmol/ml,,0.001,,,3,NA,day,1,0.3,mice,CIA mice,CNTO345,Chen16,3.375
Serum,total target,,,0.12,pmol/ml,,0.001,,,3,NA,day,1,0.3,mice,CIA mice,CNTO345,Chen16,3.375
Serum,total target,,,0.18,pmol/ml,,0.001,,,3,NA,day,1,0.3,mice,CIA mice,CNTO345,Chen16,3.375
Serum,total target,,,0.29,pmol/ml,,0.001,,,3,NA,day,1,0.3,mice,CIA mice,CNTO345,Chen16,3.375
Serum,total target,,,0.4,pmol/ml,,0.001,,,3,NA,day,1,0.3,mice,CIA mice,CNTO345,Chen16,3.375
Serum,total target,,,0.018,pmol/ml,,0.001,,,5,NA,day,1,0.3,mice,CIA mice,CNTO345,Chen16,3.375
Serum,total target,,,0.025,pmol/ml,,0.001,,,5,NA,day,1,0.3,mice,CIA mice,CNTO345,Chen16,3.375
Serum,total target,,,0.039,pmol/ml,,0.001,,,5,NA,day,1,0.3,mice,CIA mice,CNTO345,Chen16,3.375
Serum,total target,,,0.06,pmol/ml,,0.001,,,5,NA,day,1,0.3,mice,CIA mice,CNTO345,Chen16,3.375
Serum,total target,,,0.093,pmol/ml,,0.001,,,5,NA,day,1,0.3,mice,CIA mice,CNTO345,Chen16,3.375
Serum,total target,,,0.013,pmol/ml,,0.001,,,7,NA,day,1,0.3,mice,CIA mice,CNTO345,Chen16,3.375
Serum,total target,,,0.018,pmol/ml,,0.001,,,7,NA,day,1,0.3,mice,CIA mice,CNTO345,Chen16,3.375
Serum,total target,,,0.027,pmol/ml,,0.001,,,7,NA,day,1,0.3,mice,CIA mice,CNTO345,Chen16,3.375
Serum,total target,,,0.034,pmol/ml,,0.001,,,7,NA,day,1,0.3,mice,CIA mice,CNTO345,Chen16,3.375
Serum,total target,,,0.053,pmol/ml,,0.001,,,7,NA,day,1,0.3,mice,CIA mice,CNTO345,Chen16,3.375
Serum,total target,,,0.091,pmol/ml,,0.001,,,7,NA,day,1,0.3,mice,CIA mice,CNTO345,Chen16,3.375
Serum,total target,,,0.00051,pmol/ml,,0.001,,,10,NA,day,1,0.3,mice,CIA mice,CNTO345,Chen16,3.375
Serum,total target,,,0.0012,pmol/ml,,0.001,,,10,NA,day,1,0.3,mice,CIA mice,CNTO345,Chen16,3.375
Serum,total target,,,0.0017,pmol/ml,,0.001,,,10,NA,day,1,0.3,mice,CIA mice,CNTO345,Chen16,3.375
Serum,total target,,,0.0041,pmol/ml,,0.001,,,10,NA,day,1,0.3,mice,CIA mice,CNTO345,Chen16,3.375
Serum,total target,,,0.019,pmol/ml,,0.001,,,10,NA,day,1,0.3,mice,CIA mice,CNTO345,Chen16,3.375
Serum,total target,,,0.00044,pmol/ml,,0.001,,,14,NA,day,1,0.3,mice,CIA mice,CNTO345,Chen16,3.375
Serum,total target,,,0.0012,pmol/ml,,0.001,,,14,NA,day,1,0.3,mice,CIA mice,CNTO345,Chen16,3.375
Serum,total target,,,0.0016,pmol/ml,,0.001,,,14,NA,day,1,0.3,mice,CIA mice,CNTO345,Chen16,3.375
Serum,total target,,,0.0032,pmol/ml,,0.001,,,14,NA,day,1,0.3,mice,CIA mice,CNTO345,Chen16,3.375
Serum,total target,,,0.00041,pmol/ml,,0.001,,,21,NA,day,1,0.3,mice,CIA mice,CNTO345,Chen16,3.375
Serum,total target,,,0.0019,pmol/ml,,0.001,,,21,NA,day,1,0.3,mice,CIA mice,CNTO345,Chen16,3.375
Serum,total target,,,0.0037,pmol/ml,,0.001,,,21,NA,day,1,0.3,mice,CIA mice,CNTO345,Chen16,3.375
Serum,total target,,,0.0071,pmol/ml,,0.001,,,21,NA,day,1,0.3,mice,CIA mice,CNTO345,Chen16,3.375
dose,dose,,,3,mg/kg,,0.001,NaN,IV BOLUS,NA,NA,day,2,3,mice,CIA mice,CNTO345,Chen16,33.75
Serum,total target,225,,0.031,pmol/ml,,0.001,,,0.083,NA,day,2,3,mice,CIA mice,CNTO345,Chen16,33.75
Serum,total target,2.25,,0.053,pmol/ml,,0.001,,,0.083,NA,day,2,3,mice,CIA mice,CNTO345,Chen16,33.75
Serum,total target,22.5,,0.092,pmol/ml,,0.001,,,0.083,NA,day,2,3,mice,CIA mice,CNTO345,Chen16,33.75
Serum,total target,225,,0.14,pmol/ml,,0.001,,,0.083,NA,day,2,3,mice,CIA mice,CNTO345,Chen16,33.75
Serum,total target,2.25,,0.2,pmol/ml,,0.001,,,0.083,NA,day,2,3,mice,CIA mice,CNTO345,Chen16,33.75
Serum,total target,22.5,,0.31,pmol/ml,,0.001,,,0.083,NA,day,2,3,mice,CIA mice,CNTO345,Chen16,33.75
Serum,total target,225,,0.66,pmol/ml,,0.001,,,0.083,NA,day,2,3,mice,CIA mice,CNTO345,Chen16,33.75
Serum,total target,225,,0.2,pmol/ml,,0.001,,,0.33,NA,day,2,3,mice,CIA mice,CNTO345,Chen16,33.75
Serum,total target,2.25,,0.31,pmol/ml,,0.001,,,0.33,NA,day,2,3,mice,CIA mice,CNTO345,Chen16,33.75
Serum,total target,22.5,,0.59,pmol/ml,,0.001,,,0.33,NA,day,2,3,mice,CIA mice,CNTO345,Chen16,33.75
Serum,total target,225,,0.28,pmol/ml,,0.001,,,1,NA,day,2,3,mice,CIA mice,CNTO345,Chen16,33.75
Serum,total target,2.25,,0.38,pmol/ml,,0.001,,,1,NA,day,2,3,mice,CIA mice,CNTO345,Chen16,33.75
Serum,total target,22.5,,0.53,pmol/ml,,0.001,,,1,NA,day,2,3,mice,CIA mice,CNTO345,Chen16,33.75
Serum,total target,225,,0.92,pmol/ml,,0.001,,,1,NA,day,2,3,mice,CIA mice,CNTO345,Chen16,33.75
Serum,total target,,,0.18,pmol/ml,,0.001,,,2,NA,day,2,3,mice,CIA mice,CNTO345,Chen16,33.75
Serum,total target,,,0.28,pmol/ml,,0.001,,,2,NA,day,2,3,mice,CIA mice,CNTO345,Chen16,33.75
Serum,total target,,,0.48,pmol/ml,,0.001,,,2,NA,day,2,3,mice,CIA mice,CNTO345,Chen16,33.75
Serum,total target,,,0.74,pmol/ml,,0.001,,,2,NA,day,2,3,mice,CIA mice,CNTO345,Chen16,33.75
Serum,total target,,,0.22,pmol/ml,,0.001,,,3,NA,day,2,3,mice,CIA mice,CNTO345,Chen16,33.75
Serum,total target,,,0.31,pmol/ml,,0.001,,,3,NA,day,2,3,mice,CIA mice,CNTO345,Chen16,33.75
Serum,total target,,,0.48,pmol/ml,,0.001,,,3,NA,day,2,3,mice,CIA mice,CNTO345,Chen16,33.75
Serum,total target,,,0.67,pmol/ml,,0.001,,,3,NA,day,2,3,mice,CIA mice,CNTO345,Chen16,33.75
Serum,total target,,,0.049,pmol/ml,,0.001,,,5,NA,day,2,3,mice,CIA mice,CNTO345,Chen16,33.75
Serum,total target,,,0.076,pmol/ml,,0.001,,,5,NA,day,2,3,mice,CIA mice,CNTO345,Chen16,33.75
Serum,total target,,,0.1,pmol/ml,,0.001,,,5,NA,day,2,3,mice,CIA mice,CNTO345,Chen16,33.75
Serum,total target,,,0.15,pmol/ml,,0.001,,,5,NA,day,2,3,mice,CIA mice,CNTO345,Chen16,33.75
Serum,total target,,,0.23,pmol/ml,,0.001,,,5,NA,day,2,3,mice,CIA mice,CNTO345,Chen16,33.75
Serum,total target,,,0.085,pmol/ml,,0.001,,,7,NA,day,2,3,mice,CIA mice,CNTO345,Chen16,33.75
Serum,total target,,,0.12,pmol/ml,,0.001,,,7,NA,day,2,3,mice,CIA mice,CNTO345,Chen16,33.75
Serum,total target,,,0.2,pmol/ml,,0.001,,,7,NA,day,2,3,mice,CIA mice,CNTO345,Chen16,33.75
Serum,total target,,,0.32,pmol/ml,,0.001,,,7,NA,day,2,3,mice,CIA mice,CNTO345,Chen16,33.75
Serum,total target,,,0.0021,pmol/ml,,0.001,,,10,NA,day,2,3,mice,CIA mice,CNTO345,Chen16,33.75
Serum,total target,,,0.0062,pmol/ml,,0.001,,,10,NA,day,2,3,mice,CIA mice,CNTO345,Chen16,33.75
Serum,total target,,,0.029,pmol/ml,,0.001,,,10,NA,day,2,3,mice,CIA mice,CNTO345,Chen16,33.75
Serum,total target,,,0.11,pmol/ml,,0.001,,,10,NA,day,2,3,mice,CIA mice,CNTO345,Chen16,33.75
Serum,total target,,,0.19,pmol/ml,,0.001,,,10,NA,day,2,3,mice,CIA mice,CNTO345,Chen16,33.75
Serum,total target,,,0.36,pmol/ml,,0.001,,,10,NA,day,2,3,mice,CIA mice,CNTO345,Chen16,33.75
Serum,total target,,,0.0021,pmol/ml,,0.001,,,14,NA,day,2,3,mice,CIA mice,CNTO345,Chen16,33.75
Serum,total target,,,0.0071,pmol/ml,,0.001,,,14,NA,day,2,3,mice,CIA mice,CNTO345,Chen16,33.75
Serum,total target,,,0.014,pmol/ml,,0.001,,,14,NA,day,2,3,mice,CIA mice,CNTO345,Chen16,33.75
Serum,total target,,,0.064,pmol/ml,,0.001,,,14,NA,day,2,3,mice,CIA mice,CNTO345,Chen16,33.75
Serum,total target,,,0.088,pmol/ml,,0.001,,,14,NA,day,2,3,mice,CIA mice,CNTO345,Chen16,33.75
Serum,total target,,,0.19,pmol/ml,,0.001,,,14,NA,day,2,3,mice,CIA mice,CNTO345,Chen16,33.75
Serum,total target,,,0.46,pmol/ml,,0.001,,,14,NA,day,2,3,mice,CIA mice,CNTO345,Chen16,33.75
Serum,total target,,,0.00066,pmol/ml,,0.001,,,21,NA,day,2,3,mice,CIA mice,CNTO345,Chen16,33.75
Serum,total target,,,0.0022,pmol/ml,,0.001,,,21,NA,day,2,3,mice,CIA mice,CNTO345,Chen16,33.75
Serum,total target,,,0.0047,pmol/ml,,0.001,,,21,NA,day,2,3,mice,CIA mice,CNTO345,Chen16,33.75
Serum,total target,,,0.0092,pmol/ml,,0.001,,,21,NA,day,2,3,mice,CIA mice,CNTO345,Chen16,33.75
Serum,total target,,,0.02,pmol/ml,,0.001,,,21,NA,day,2,3,mice,CIA mice,CNTO345,Chen16,33.75
dose,dose,,,30,mg/kg,,0.001,NaN,IV BOLUS,NA,NA,day,3,30,mice,CIA mice,CNTO345,Chen16,337.5
Serum,total target,,,0.037,pmol/ml,,0.001,,,0.33,NA,day,3,30,mice,CIA mice,CNTO345,Chen16,337.5
Serum,total target,,,0.051,pmol/ml,,0.001,,,0.33,NA,day,3,30,mice,CIA mice,CNTO345,Chen16,337.5
Serum,total target,,,0.08,pmol/ml,,0.001,,,0.33,NA,day,3,30,mice,CIA mice,CNTO345,Chen16,337.5
Serum,total target,,,0.11,pmol/ml,,0.001,,,0.33,NA,day,3,30,mice,CIA mice,CNTO345,Chen16,337.5
Serum,total target,,,0.15,pmol/ml,,0.001,,,0.33,NA,day,3,30,mice,CIA mice,CNTO345,Chen16,337.5
Serum,total target,,,0.21,pmol/ml,,0.001,,,0.33,NA,day,3,30,mice,CIA mice,CNTO345,Chen16,337.5
Serum,total target,,,0.33,pmol/ml,,0.001,,,0.33,NA,day,3,30,mice,CIA mice,CNTO345,Chen16,337.5
Serum,total target,,,0.71,pmol/ml,,0.001,,,0.33,NA,day,3,30,mice,CIA mice,CNTO345,Chen16,337.5
Serum,total target,,,0.14,pmol/ml,,0.001,,,1,NA,day,3,30,mice,CIA mice,CNTO345,Chen16,337.5
Serum,total target,,,0.21,pmol/ml,,0.001,,,1,NA,day,3,30,mice,CIA mice,CNTO345,Chen16,337.5
Serum,total target,,,0.41,pmol/ml,,0.001,,,1,NA,day,3,30,mice,CIA mice,CNTO345,Chen16,337.5
Serum,total target,,,0.12,pmol/ml,,0.001,,,1,NA,day,3,30,mice,CIA mice,CNTO345,Chen16,337.5
Serum,total target,,,0.19,pmol/ml,,0.001,,,1,NA,day,3,30,mice,CIA mice,CNTO345,Chen16,337.5
Serum,total target,,,0.33,pmol/ml,,0.001,,,1,NA,day,3,30,mice,CIA mice,CNTO345,Chen16,337.5
Serum,total target,,,0.52,pmol/ml,,0.001,,,1,NA,day,3,30,mice,CIA mice,CNTO345,Chen16,337.5
Serum,total target,,,0.89,pmol/ml,,0.001,,,1,NA,day,3,30,mice,CIA mice,CNTO345,Chen16,337.5
Serum,total target,,,0.14,pmol/ml,,0.001,,,2,NA,day,3,30,mice,CIA mice,CNTO345,Chen16,337.5
Serum,total target,,,0.22,pmol/ml,,0.001,,,2,NA,day,3,30,mice,CIA mice,CNTO345,Chen16,337.5
Serum,total target,,,0.33,pmol/ml,,0.001,,,2,NA,day,3,30,mice,CIA mice,CNTO345,Chen16,337.5
Serum,total target,,,0.65,pmol/ml,,0.001,,,2,NA,day,3,30,mice,CIA mice,CNTO345,Chen16,337.5
Serum,total target,,,0.16,pmol/ml,,0.001,,,3,NA,day,3,30,mice,CIA mice,CNTO345,Chen16,337.5
Serum,total target,,,0.27,pmol/ml,,0.001,,,3,NA,day,3,30,mice,CIA mice,CNTO345,Chen16,337.5
Serum,total target,,,0.34,pmol/ml,,0.001,,,3,NA,day,3,30,mice,CIA mice,CNTO345,Chen16,337.5
Serum,total target,,,0.52,pmol/ml,,0.001,,,3,NA,day,3,30,mice,CIA mice,CNTO345,Chen16,337.5
Serum,total target,,,0.72,pmol/ml,,0.001,,,3,NA,day,3,30,mice,CIA mice,CNTO345,Chen16,337.5
Serum,total target,,,0.14,pmol/ml,,0.001,,,5,NA,day,3,30,mice,CIA mice,CNTO345,Chen16,337.5
Serum,total target,,,0.2,pmol/ml,,0.001,,,5,NA,day,3,30,mice,CIA mice,CNTO345,Chen16,337.5
Serum,total target,,,0.27,pmol/ml,,0.001,,,5,NA,day,3,30,mice,CIA mice,CNTO345,Chen16,337.5
Serum,total target,,,0.38,pmol/ml,,0.001,,,5,NA,day,3,30,mice,CIA mice,CNTO345,Chen16,337.5
Serum,total target,,,0.66,pmol/ml,,0.001,,,5,NA,day,3,30,mice,CIA mice,CNTO345,Chen16,337.5
Serum,total target,,,0.13,pmol/ml,,0.001,,,7,NA,day,3,30,mice,CIA mice,CNTO345,Chen16,337.5
Serum,total target,,,0.2,pmol/ml,,0.001,,,7,NA,day,3,30,mice,CIA mice,CNTO345,Chen16,337.5
Serum,total target,,,0.25,pmol/ml,,0.001,,,7,NA,day,3,30,mice,CIA mice,CNTO345,Chen16,337.5
Serum,total target,,,0.38,pmol/ml,,0.001,,,7,NA,day,3,30,mice,CIA mice,CNTO345,Chen16,337.5
Serum,total target,,,0.66,pmol/ml,,0.001,,,7,NA,day,3,30,mice,CIA mice,CNTO345,Chen16,337.5
Serum,total target,,,0.054,pmol/ml,,0.001,,,10,NA,day,3,30,mice,CIA mice,CNTO345,Chen16,337.5
Serum,total target,,,0.067,pmol/ml,,0.001,,,10,NA,day,3,30,mice,CIA mice,CNTO345,Chen16,337.5
Serum,total target,,,0.12,pmol/ml,,0.001,,,10,NA,day,3,30,mice,CIA mice,CNTO345,Chen16,337.5
Serum,total target,,,0.2,pmol/ml,,0.001,,,10,NA,day,3,30,mice,CIA mice,CNTO345,Chen16,337.5
Serum,total target,,,0.25,pmol/ml,,0.001,,,10,NA,day,3,30,mice,CIA mice,CNTO345,Chen16,337.5
Serum,total target,,,0.39,pmol/ml,,0.001,,,10,NA,day,3,30,mice,CIA mice,CNTO345,Chen16,337.5
Serum,total target,,,0.023,pmol/ml,,0.001,,,14,NA,day,3,30,mice,CIA mice,CNTO345,Chen16,337.5
Serum,total target,,,0.055,pmol/ml,,0.001,,,14,NA,day,3,30,mice,CIA mice,CNTO345,Chen16,337.5
Serum,total target,,,0.086,pmol/ml,,0.001,,,14,NA,day,3,30,mice,CIA mice,CNTO345,Chen16,337.5
Serum,total target,,,0.17,pmol/ml,,0.001,,,14,NA,day,3,30,mice,CIA mice,CNTO345,Chen16,337.5
Serum,total target,,,0.36,pmol/ml,,0.001,,,14,NA,day,3,30,mice,CIA mice,CNTO345,Chen16,337.5
Serum,total target,,,0.77,pmol/ml,,0.001,,,14,NA,day,3,30,mice,CIA mice,CNTO345,Chen16,337.5
Serum,total target,,,0.057,pmol/ml,,0.001,,,21,NA,day,3,30,mice,CIA mice,CNTO345,Chen16,337.5
Serum,total target,,,0.08,pmol/ml,,0.001,,,21,NA,day,3,30,mice,CIA mice,CNTO345,Chen16,337.5
Serum,total target,,,0.11,pmol/ml,,0.001,,,21,NA,day,3,30,mice,CIA mice,CNTO345,Chen16,337.5
Serum,total target,,,0.21,pmol/ml,,0.001,,,21,NA,day,3,30,mice,CIA mice,CNTO345,Chen16,337.5
Serum,total target,,,0.37,pmol/ml,,0.001,,,21,NA,day,3,30,mice,CIA mice,CNTO345,Chen16,337.5
dose,dose,,,0.3,mg/kg,,0.000327,NaN,IV BOLUS,NA,NA,day,1,0.3,mice,CIA mice,CNTO345,Chen16,3.375
Serum,free target,,,0.00014,pmol/ml,,0.000327,,,0.083,NA,day,1,0.3,mice,CIA mice,CNTO345,Chen16,3.375
Serum,free target,,,0.00042,pmol/ml,,0.000327,,,0.083,NA,day,1,0.3,mice,CIA mice,CNTO345,Chen16,3.375
Serum,free target,,,0.0022,pmol/ml,,0.000327,,,0.083,NA,day,1,0.3,mice,CIA mice,CNTO345,Chen16,3.375
Serum,free target,,,0.0042,pmol/ml,,0.000327,,,0.083,NA,day,1,0.3,mice,CIA mice,CNTO345,Chen16,3.375
Serum,free target,,,0.0072,pmol/ml,,0.000327,,,0.083,NA,day,1,0.3,mice,CIA mice,CNTO345,Chen16,3.375
Serum,free target,,,0.01,pmol/ml,,0.000327,,,0.083,NA,day,1,0.3,mice,CIA mice,CNTO345,Chen16,3.375
Serum,free target,,,0.019,pmol/ml,,0.000327,,,0.083,NA,day,1,0.3,mice,CIA mice,CNTO345,Chen16,3.375
Serum,free target,,,0.034,pmol/ml,,0.000327,,,0.083,NA,day,1,0.3,mice,CIA mice,CNTO345,Chen16,3.375
Serum,free target,,,0.0003,pmol/ml,,0.000327,,,0.33,NA,day,1,0.3,mice,CIA mice,CNTO345,Chen16,3.375
Serum,free target,,,0.00058,pmol/ml,,0.000327,,,0.33,NA,day,1,0.3,mice,CIA mice,CNTO345,Chen16,3.375
Serum,free target,,,0.0011,pmol/ml,,0.000327,,,0.33,NA,day,1,0.3,mice,CIA mice,CNTO345,Chen16,3.375
Serum,free target,,,0.002,pmol/ml,,0.000327,,,1,NA,day,1,0.3,mice,CIA mice,CNTO345,Chen16,3.375
Serum,free target,,,0.003,pmol/ml,,0.000327,,,1,NA,day,1,0.3,mice,CIA mice,CNTO345,Chen16,3.375
Serum,free target,,,0.0047,pmol/ml,,0.000327,,,1,NA,day,1,0.3,mice,CIA mice,CNTO345,Chen16,3.375
Serum,free target,,,0.0065,pmol/ml,,0.000327,,,1,NA,day,1,0.3,mice,CIA mice,CNTO345,Chen16,3.375
Serum,free target,,,0.001,pmol/ml,,0.000327,,,2,NA,day,1,0.3,mice,CIA mice,CNTO345,Chen16,3.375
Serum,free target,,,0.0016,pmol/ml,,0.000327,,,2,NA,day,1,0.3,mice,CIA mice,CNTO345,Chen16,3.375
Serum,free target,,,0.0024,pmol/ml,,0.000327,,,2,NA,day,1,0.3,mice,CIA mice,CNTO345,Chen16,3.375
Serum,free target,,,0.0038,pmol/ml,,0.000327,,,2,NA,day,1,0.3,mice,CIA mice,CNTO345,Chen16,3.375
Serum,free target,,,0.001,pmol/ml,,0.000327,,,3,NA,day,1,0.3,mice,CIA mice,CNTO345,Chen16,3.375
Serum,free target,,,0.0013,pmol/ml,,0.000327,,,3,NA,day,1,0.3,mice,CIA mice,CNTO345,Chen16,3.375
Serum,free target,,,0.002,pmol/ml,,0.000327,,,3,NA,day,1,0.3,mice,CIA mice,CNTO345,Chen16,3.375
Serum,free target,,,0.0027,pmol/ml,,0.000327,,,3,NA,day,1,0.3,mice,CIA mice,CNTO345,Chen16,3.375
Serum,free target,,,0.0053,pmol/ml,,0.000327,,,3,NA,day,1,0.3,mice,CIA mice,CNTO345,Chen16,3.375
Serum,free target,,,0.00016,pmol/ml,,0.000327,,,5,NA,day,1,0.3,mice,CIA mice,CNTO345,Chen16,3.375
Serum,free target,,,0.00043,pmol/ml,,0.000327,,,5,NA,day,1,0.3,mice,CIA mice,CNTO345,Chen16,3.375
Serum,free target,,,0.0015,pmol/ml,,0.000327,,,7,NA,day,1,0.3,mice,CIA mice,CNTO345,Chen16,3.375
Serum,free target,,,0.0028,pmol/ml,,0.000327,,,7,NA,day,1,0.3,mice,CIA mice,CNTO345,Chen16,3.375
Serum,free target,,,0.0084,pmol/ml,,0.000327,,,7,NA,day,1,0.3,mice,CIA mice,CNTO345,Chen16,3.375
Serum,free target,,,0.012,pmol/ml,,0.000327,,,7,NA,day,1,0.3,mice,CIA mice,CNTO345,Chen16,3.375
Serum,free target,,,0.00095,pmol/ml,,0.000327,,,10,NA,day,1,0.3,mice,CIA mice,CNTO345,Chen16,3.375
Serum,free target,,,0.0013,pmol/ml,,0.000327,,,10,NA,day,1,0.3,mice,CIA mice,CNTO345,Chen16,3.375
Serum,free target,,,0.0018,pmol/ml,,0.000327,,,10,NA,day,1,0.3,mice,CIA mice,CNTO345,Chen16,3.375
Serum,free target,,,0.0035,pmol/ml,,0.000327,,,10,NA,day,1,0.3,mice,CIA mice,CNTO345,Chen16,3.375
Serum,free target,,,0.0068,pmol/ml,,0.000327,,,10,NA,day,1,0.3,mice,CIA mice,CNTO345,Chen16,3.375
Serum,free target,,,0.012,pmol/ml,,0.000327,,,10,NA,day,1,0.3,mice,CIA mice,CNTO345,Chen16,3.375
Serum,free target,,,0.0021,pmol/ml,,0.000327,,,14,NA,day,1,0.3,mice,CIA mice,CNTO345,Chen16,3.375
Serum,free target,,,0.0029,pmol/ml,,0.000327,,,14,NA,day,1,0.3,mice,CIA mice,CNTO345,Chen16,3.375
Serum,free target,,,0.0045,pmol/ml,,0.000327,,,14,NA,day,1,0.3,mice,CIA mice,CNTO345,Chen16,3.375
Serum,free target,,,0.0078,pmol/ml,,0.000327,,,14,NA,day,1,0.3,mice,CIA mice,CNTO345,Chen16,3.375
Serum,free target,,,0.012,pmol/ml,,0.000327,,,14,NA,day,1,0.3,mice,CIA mice,CNTO345,Chen16,3.375
Serum,free target,,,0.021,pmol/ml,,0.000327,,,14,NA,day,1,0.3,mice,CIA mice,CNTO345,Chen16,3.375
Serum,free target,,,0.00081,pmol/ml,,0.000327,,,21,NA,day,1,0.3,mice,CIA mice,CNTO345,Chen16,3.375
Serum,free target,,,0.003,pmol/ml,,0.000327,,,21,NA,day,1,0.3,mice,CIA mice,CNTO345,Chen16,3.375
Serum,free target,,,0.0081,pmol/ml,,0.000327,,,21,NA,day,1,0.3,mice,CIA mice,CNTO345,Chen16,3.375
Serum,free target,,,0.024,pmol/ml,,0.000327,,,21,NA,day,1,0.3,mice,CIA mice,CNTO345,Chen16,3.375
Serum,free target,,,0.047,pmol/ml,,0.000327,,,21,NA,day,1,0.3,mice,CIA mice,CNTO345,Chen16,3.375
dose,dose,,,3,mg/kg,,0.000327,NaN,IV BOLUS,NA,NA,day,2,3,mice,CIA mice,CNTO345,Chen16,33.75
Serum,free target,,,0.00015,pmol/ml,,0.000327,,,0.083,NA,day,2,3,mice,CIA mice,CNTO345,Chen16,33.75
Serum,free target,,,0.00079,pmol/ml,,0.000327,,,0.083,NA,day,2,3,mice,CIA mice,CNTO345,Chen16,33.75
Serum,free target,,,0.00015,pmol/ml,,0.000327,,,0.33,NA,day,2,3,mice,CIA mice,CNTO345,Chen16,33.75
Serum,free target,,,0.00045,pmol/ml,,0.000327,,,0.33,NA,day,2,3,mice,CIA mice,CNTO345,Chen16,33.75
Serum,free target,,,0.00023,pmol/ml,,0.000327,,,1,NA,day,2,3,mice,CIA mice,CNTO345,Chen16,33.75
Serum,free target,,,0.00036,pmol/ml,,0.000327,,,1,NA,day,2,3,mice,CIA mice,CNTO345,Chen16,33.75
Serum,free target,,,0.0005,pmol/ml,,0.000327,,,1,NA,day,2,3,mice,CIA mice,CNTO345,Chen16,33.75
Serum,free target,,,0.00087,pmol/ml,,0.000327,,,1,NA,day,2,3,mice,CIA mice,CNTO345,Chen16,33.75
Serum,free target,,,0.00013,pmol/ml,,0.000327,,,2,NA,day,2,3,mice,CIA mice,CNTO345,Chen16,33.75
Serum,free target,,,0.00026,pmol/ml,,0.000327,,,2,NA,day,2,3,mice,CIA mice,CNTO345,Chen16,33.75
Serum,free target,,,0.00045,pmol/ml,,0.000327,,,2,NA,day,2,3,mice,CIA mice,CNTO345,Chen16,33.75
Serum,free target,,,0.00087,pmol/ml,,0.000327,,,2,NA,day,2,3,mice,CIA mice,CNTO345,Chen16,33.75
Serum,free target,,,0.00032,pmol/ml,,0.000327,,,3,NA,day,2,3,mice,CIA mice,CNTO345,Chen16,33.75
Serum,free target,,,0.0005,pmol/ml,,0.000327,,,3,NA,day,2,3,mice,CIA mice,CNTO345,Chen16,33.75
Serum,free target,,,0.00096,pmol/ml,,0.000327,,,3,NA,day,2,3,mice,CIA mice,CNTO345,Chen16,33.75
Serum,free target,,,0.0021,pmol/ml,,0.000327,,,3,NA,day,2,3,mice,CIA mice,CNTO345,Chen16,33.75
Serum,free target,,,0.00029,pmol/ml,,0.000327,,,5,NA,day,2,3,mice,CIA mice,CNTO345,Chen16,33.75
Serum,free target,,,0.00061,pmol/ml,,0.000327,,,5,NA,day,2,3,mice,CIA mice,CNTO345,Chen16,33.75
Serum,free target,,,0.004,pmol/ml,,0.000327,,,5,NA,day,2,3,mice,CIA mice,CNTO345,Chen16,33.75
Serum,free target,,,0.00044,pmol/ml,,0.000327,,,7,NA,day,2,3,mice,CIA mice,CNTO345,Chen16,33.75
Serum,free target,,,0.00068,pmol/ml,,0.000327,,,7,NA,day,2,3,mice,CIA mice,CNTO345,Chen16,33.75
Serum,free target,,,0.0011,pmol/ml,,0.000327,,,7,NA,day,2,3,mice,CIA mice,CNTO345,Chen16,33.75
Serum,free target,,,0.0018,pmol/ml,,0.000327,,,7,NA,day,2,3,mice,CIA mice,CNTO345,Chen16,33.75
Serum,free target,,,0.0031,pmol/ml,,0.000327,,,7,NA,day,2,3,mice,CIA mice,CNTO345,Chen16,33.75
Serum,free target,,,0.0054,pmol/ml,,0.000327,,,7,NA,day,2,3,mice,CIA mice,CNTO345,Chen16,33.75
Serum,free target,,,0.001,pmol/ml,,0.000327,,,10,NA,day,2,3,mice,CIA mice,CNTO345,Chen16,33.75
Serum,free target,,,0.0018,pmol/ml,,0.000327,,,10,NA,day,2,3,mice,CIA mice,CNTO345,Chen16,33.75
Serum,free target,,,0.0028,pmol/ml,,0.000327,,,10,NA,day,2,3,mice,CIA mice,CNTO345,Chen16,33.75
Serum,free target,,,0.0075,pmol/ml,,0.000327,,,10,NA,day,2,3,mice,CIA mice,CNTO345,Chen16,33.75
Serum,free target,,,0.00047,pmol/ml,,0.000327,,,14,NA,day,2,3,mice,CIA mice,CNTO345,Chen16,33.75
Serum,free target,,,0.0013,pmol/ml,,0.000327,,,14,NA,day,2,3,mice,CIA mice,CNTO345,Chen16,33.75
Serum,free target,,,0.0022,pmol/ml,,0.000327,,,14,NA,day,2,3,mice,CIA mice,CNTO345,Chen16,33.75
Serum,free target,,,0.0042,pmol/ml,,0.000327,,,14,NA,day,2,3,mice,CIA mice,CNTO345,Chen16,33.75
Serum,free target,,,0.0073,pmol/ml,,0.000327,,,14,NA,day,2,3,mice,CIA mice,CNTO345,Chen16,33.75
Serum,free target,,,0.013,pmol/ml,,0.000327,,,14,NA,day,2,3,mice,CIA mice,CNTO345,Chen16,33.75
Serum,free target,,,0.03,pmol/ml,,0.000327,,,14,NA,day,2,3,mice,CIA mice,CNTO345,Chen16,33.75
Serum,free target,,,0.00051,pmol/ml,,0.000327,,,21,NA,day,2,3,mice,CIA mice,CNTO345,Chen16,33.75
Serum,free target,,,0.0015,pmol/ml,,0.000327,,,21,NA,day,2,3,mice,CIA mice,CNTO345,Chen16,33.75
Serum,free target,,,0.0029,pmol/ml,,0.000327,,,21,NA,day,2,3,mice,CIA mice,CNTO345,Chen16,33.75
Serum,free target,,,0.0063,pmol/ml,,0.000327,,,21,NA,day,2,3,mice,CIA mice,CNTO345,Chen16,33.75
dose,dose,,,30,mg/kg,,0.000327,NaN,IV BOLUS,NA,NA,day,3,30,mice,CIA mice,CNTO345,Chen16,337.5
Serum,free target,,,0.00022,pmol/ml,,0.000327,,,0.083,NA,day,3,30,mice,CIA mice,CNTO345,Chen16,337.5
Serum,free target,,,0.00019,pmol/ml,,0.000327,,,0.33,NA,day,3,30,mice,CIA mice,CNTO345,Chen16,337.5
Serum,free target,,,0.00019,pmol/ml,,0.000327,,,1,NA,day,3,30,mice,CIA mice,CNTO345,Chen16,337.5
Serum,free target,,,0.00019,pmol/ml,,0.000327,,,2,NA,day,3,30,mice,CIA mice,CNTO345,Chen16,337.5
Serum,free target,,,0.00037,pmol/ml,,0.000327,,,2,NA,day,3,30,mice,CIA mice,CNTO345,Chen16,337.5
Serum,free target,,,0.00021,pmol/ml,,0.000327,,,3,NA,day,3,30,mice,CIA mice,CNTO345,Chen16,337.5
Serum,free target,,,0.00017,pmol/ml,,0.000327,,,5,NA,day,3,30,mice,CIA mice,CNTO345,Chen16,337.5
Serum,free target,,,0.00026,pmol/ml,,0.000327,,,5,NA,day,3,30,mice,CIA mice,CNTO345,Chen16,337.5
Serum,free target,,,0.00045,pmol/ml,,0.000327,,,5,NA,day,3,30,mice,CIA mice,CNTO345,Chen16,337.5
Serum,free target,,,0.00097,pmol/ml,,0.000327,,,5,NA,day,3,30,mice,CIA mice,CNTO345,Chen16,337.5
Serum,free target,,,0.0013,pmol/ml,,0.000327,,,5,NA,day,3,30,mice,CIA mice,CNTO345,Chen16,337.5
Serum,free target,,,0.00021,pmol/ml,,0.000327,,,7,NA,day,3,30,mice,CIA mice,CNTO345,Chen16,337.5
Serum,free target,,,0.0011,pmol/ml,,0.000327,,,7,NA,day,3,30,mice,CIA mice,CNTO345,Chen16,337.5
Serum,free target,,,0.0015,pmol/ml,,0.000327,,,7,NA,day,3,30,mice,CIA mice,CNTO345,Chen16,337.5
Serum,free target,,,0.00018,pmol/ml,,0.000327,,,10,NA,day,3,30,mice,CIA mice,CNTO345,Chen16,337.5
Serum,free target,,,0.00039,pmol/ml,,0.000327,,,10,NA,day,3,30,mice,CIA mice,CNTO345,Chen16,337.5
Serum,free target,,,0.00068,pmol/ml,,0.000327,,,10,NA,day,3,30,mice,CIA mice,CNTO345,Chen16,337.5
Serum,free target,,,0.00018,pmol/ml,,0.000327,,,14,NA,day,3,30,mice,CIA mice,CNTO345,Chen16,337.5
Serum,free target,,,0.00039,pmol/ml,,0.000327,,,14,NA,day,3,30,mice,CIA mice,CNTO345,Chen16,337.5
Serum,free target,,,0.0006,pmol/ml,,0.000327,,,14,NA,day,3,30,mice,CIA mice,CNTO345,Chen16,337.5
Serum,free target,,,0.0012,pmol/ml,,0.000327,,,14,NA,day,3,30,mice,CIA mice,CNTO345,Chen16,337.5
Serum,free target,,,0.0003,pmol/ml,,0.000327,,,21,NA,day,3,30,mice,CIA mice,CNTO345,Chen16,337.5
Serum,free target,,,0.00037,pmol/ml,,0.000327,,,21,NA,day,3,30,mice,CIA mice,CNTO345,Chen16,337.5
Serum,free target,,,0.0014,pmol/ml,,0.000327,,,21,NA,day,3,30,mice,CIA mice,CNTO345,Chen16,337.5
Serum,free target,,,0.0021,pmol/ml,,0.000327,,,21,NA,day,3,30,mice,CIA mice,CNTO345,Chen16,337.5
Serum,free target,,,0.0033,pmol/ml,,0.000327,,,21,NA,day,3,30,mice,CIA mice,CNTO345,Chen16,337.5
dose,dose,,,0.3,mg/kg,,0.027,NaN,IV BOLUS,NA,NA,day,1,0.3,mice,CIA mice,CNTO345,Chen16,3.375
Joint Lavage,pk,,,0.074,pmol/ml,,0.027,,,0.083,NA,day,1,0.3,mice,CIA mice,CNTO346,Chen16,3.375
Joint Lavage,pk,,,0.11,pmol/ml,,0.027,,,0.083,NA,day,1,0.3,mice,CIA mice,CNTO347,Chen16,3.375
Joint Lavage,pk,,,0.035,pmol/ml,,0.027,,,1,NA,day,1,0.3,mice,CIA mice,CNTO348,Chen16,3.375
Joint Lavage,pk,,,0.066,pmol/ml,,0.027,,,1,NA,day,1,0.3,mice,CIA mice,CNTO349,Chen16,3.375
Joint Lavage,pk,,,0.066,pmol/ml,,0.027,,,1,NA,day,1,0.3,mice,CIA mice,CNTO350,Chen16,3.375
Joint Lavage,pk,,,0.11,pmol/ml,,0.027,,,1,NA,day,1,0.3,mice,CIA mice,CNTO351,Chen16,3.375
Joint Lavage,pk,,,0.1,pmol/ml,,0.027,,,1,NA,day,1,0.3,mice,CIA mice,CNTO352,Chen16,3.375
Joint Lavage,pk,,,0.064,pmol/ml,,0.027,,,3,NA,day,1,0.3,mice,CIA mice,CNTO353,Chen16,3.375
Joint Lavage,pk,,,0.062,pmol/ml,,0.027,,,3,NA,day,1,0.3,mice,CIA mice,CNTO354,Chen16,3.375
Joint Lavage,pk,,,0.09,pmol/ml,,0.027,,,7,NA,day,1,0.3,mice,CIA mice,CNTO355,Chen16,3.375
Joint Lavage,pk,,,0.032,pmol/ml,,0.027,,,7,NA,day,1,0.3,mice,CIA mice,CNTO355,Chen16,3.375
Joint Lavage,pk,,,0.057,pmol/ml,,0.027,,,14,NA,day,1,0.3,mice,CIA mice,CNTO356,Chen16,3.375
Joint Lavage,pk,,,0.04,pmol/ml,,0.027,,,21,NA,day,1,0.3,mice,CIA mice,CNTO357,Chen16,3.375
dose,dose,,,3,mg/kg,,0.027,NaN,IV BOLUS,NA,NA,day,2,3,mice,CIA mice,CNTO345,Chen16,33.75
Joint Lavage,pk,,,0.03,pmol/ml,,0.027,,,0.083,NA,day,2,3,mice,CIA mice,CNTO345,Chen16,33.75
Joint Lavage,pk,,,0.076,pmol/ml,,0.027,,,0.083,NA,day,2,3,mice,CIA mice,CNTO345,Chen16,33.75
Joint Lavage,pk,,,0.1,pmol/ml,,0.027,,,0.083,NA,day,2,3,mice,CIA mice,CNTO345,Chen16,33.75
Joint Lavage,pk,,,0.19,pmol/ml,,0.027,,,0.083,NA,day,2,3,mice,CIA mice,CNTO345,Chen16,33.75
Joint Lavage,pk,,,0.26,pmol/ml,,0.027,,,0.083,NA,day,2,3,mice,CIA mice,CNTO345,Chen16,33.75
Joint Lavage,pk,,,0.31,pmol/ml,,0.027,,,0.083,NA,day,2,3,mice,CIA mice,CNTO345,Chen16,33.75
Joint Lavage,pk,,,0.64,pmol/ml,,0.027,,,0.083,NA,day,2,3,mice,CIA mice,CNTO345,Chen16,33.75
Joint Lavage,pk,,,0.034,pmol/ml,,0.027,,,1,NA,day,2,3,mice,CIA mice,CNTO345,Chen16,33.75
Joint Lavage,pk,,,0.037,pmol/ml,,0.027,,,1,NA,day,2,3,mice,CIA mice,CNTO345,Chen16,33.75
Joint Lavage,pk,,,0.043,pmol/ml,,0.027,,,1,NA,day,2,3,mice,CIA mice,CNTO345,Chen16,33.75
Joint Lavage,pk,,,0.1,pmol/ml,,0.027,,,1,NA,day,2,3,mice,CIA mice,CNTO345,Chen16,33.75
Joint Lavage,pk,,,0.14,pmol/ml,,0.027,,,1,NA,day,2,3,mice,CIA mice,CNTO345,Chen16,33.75
Joint Lavage,pk,,,0.19,pmol/ml,,0.027,,,1,NA,day,2,3,mice,CIA mice,CNTO345,Chen16,33.75
Joint Lavage,pk,,,0.34,pmol/ml,,0.027,,,1,NA,day,2,3,mice,CIA mice,CNTO345,Chen16,33.75
Joint Lavage,pk,,,0.061,pmol/ml,,0.027,,,3,NA,day,2,3,mice,CIA mice,CNTO345,Chen16,33.75
Joint Lavage,pk,,,0.089,pmol/ml,,0.027,,,3,NA,day,2,3,mice,CIA mice,CNTO345,Chen16,33.75
Joint Lavage,pk,,,0.11,pmol/ml,,0.027,,,3,NA,day,2,3,mice,CIA mice,CNTO345,Chen16,33.75
Joint Lavage,pk,,,0.13,pmol/ml,,0.027,,,3,NA,day,2,3,mice,CIA mice,CNTO345,Chen16,33.75
Joint Lavage,pk,,,0.14,pmol/ml,,0.027,,,3,NA,day,2,3,mice,CIA mice,CNTO345,Chen16,33.75
Joint Lavage,pk,,,0.18,pmol/ml,,0.027,,,3,NA,day,2,3,mice,CIA mice,CNTO345,Chen16,33.75
Joint Lavage,pk,,,0.032,pmol/ml,,0.027,,,7,NA,day,2,3,mice,CIA mice,CNTO345,Chen16,33.75
Joint Lavage,pk,,,0.058,pmol/ml,,0.027,,,7,NA,day,2,3,mice,CIA mice,CNTO345,Chen16,33.75
Joint Lavage,pk,,,0.069,pmol/ml,,0.027,,,7,NA,day,2,3,mice,CIA mice,CNTO345,Chen16,33.75
Joint Lavage,pk,,,0.15,pmol/ml,,0.027,,,7,NA,day,2,3,mice,CIA mice,CNTO345,Chen16,33.75
Joint Lavage,pk,,,0.029,pmol/ml,,0.027,,,21,NA,day,2,3,mice,CIA mice,CNTO345,Chen16,33.75
Joint Lavage,pk,,,0.061,pmol/ml,,0.027,,,21,NA,day,2,3,mice,CIA mice,CNTO345,Chen16,33.75
dose,dose,,,30,mg/kg,,0.027,NaN,IV BOLUS,NA,NA,day,3,30,mice,CIA mice,CNTO345,Chen16,337.5
Joint Lavage,pk,,,0.34,pmol/ml,,0.027,,,0.038,NA,day,3,30,mice,CIA mice,CNTO345,Chen16,337.5
Joint Lavage,pk,,,1.3,pmol/ml,,0.027,,,0.038,NA,day,3,30,mice,CIA mice,CNTO345,Chen16,337.5
Joint Lavage,pk,,,1.9,pmol/ml,,0.027,,,0.038,NA,day,3,30,mice,CIA mice,CNTO345,Chen16,337.5
Joint Lavage,pk,,,8.2,pmol/ml,,0.027,,,0.038,NA,day,3,30,mice,CIA mice,CNTO345,Chen16,337.5
Joint Lavage,pk,,,11,pmol/ml,,0.027,,,0.038,NA,day,3,30,mice,CIA mice,CNTO345,Chen16,337.5
Joint Lavage,pk,,,13,pmol/ml,,0.027,,,0.038,NA,day,3,30,mice,CIA mice,CNTO345,Chen16,337.5
Joint Lavage,pk,,,17,pmol/ml,,0.027,,,0.038,NA,day,3,30,mice,CIA mice,CNTO345,Chen16,337.5
Joint Lavage,pk,,,19,pmol/ml,,0.027,,,0.038,NA,day,3,30,mice,CIA mice,CNTO345,Chen16,337.5
Joint Lavage,pk,,,1,pmol/ml,,0.027,,,1,NA,day,3,30,mice,CIA mice,CNTO345,Chen16,337.5
Joint Lavage,pk,,,2.3,pmol/ml,,0.027,,,1,NA,day,3,30,mice,CIA mice,CNTO345,Chen16,337.5
Joint Lavage,pk,,,2.8,pmol/ml,,0.027,,,1,NA,day,3,30,mice,CIA mice,CNTO345,Chen16,337.5
Joint Lavage,pk,,,3.3,pmol/ml,,0.027,,,1,NA,day,3,30,mice,CIA mice,CNTO345,Chen16,337.5
Joint Lavage,pk,,,4.7,pmol/ml,,0.027,,,1,NA,day,3,30,mice,CIA mice,CNTO345,Chen16,337.5
Joint Lavage,pk,,,5.3,pmol/ml,,0.027,,,1,NA,day,3,30,mice,CIA mice,CNTO345,Chen16,337.5
Joint Lavage,pk,,,0.84,pmol/ml,,0.027,,,3,NA,day,3,30,mice,CIA mice,CNTO345,Chen16,337.5
Joint Lavage,pk,,,0.84,pmol/ml,,0.027,,,3,NA,day,3,30,mice,CIA mice,CNTO345,Chen16,337.5
Joint Lavage,pk,,,1.4,pmol/ml,,0.027,,,3,NA,day,3,30,mice,CIA mice,CNTO345,Chen16,337.5
Joint Lavage,pk,,,1.9,pmol/ml,,0.027,,,3,NA,day,3,30,mice,CIA mice,CNTO345,Chen16,337.5
Joint Lavage,pk,,,2.4,pmol/ml,,0.027,,,3,NA,day,3,30,mice,CIA mice,CNTO345,Chen16,337.5
Joint Lavage,pk,,,5.8,pmol/ml,,0.027,,,3,NA,day,3,30,mice,CIA mice,CNTO345,Chen16,337.5
Joint Lavage,pk,,,0.48,pmol/ml,,0.027,,,7,NA,day,3,30,mice,CIA mice,CNTO345,Chen16,337.5
Joint Lavage,pk,,,0.63,pmol/ml,,0.027,,,7,NA,day,3,30,mice,CIA mice,CNTO345,Chen16,337.5
Joint Lavage,pk,,,0.72,pmol/ml,,0.027,,,7,NA,day,3,30,mice,CIA mice,CNTO345,Chen16,337.5
Joint Lavage,pk,,,0.92,pmol/ml,,0.027,,,7,NA,day,3,30,mice,CIA mice,CNTO345,Chen16,337.5
Joint Lavage,pk,,,1.1,pmol/ml,,0.027,,,7,NA,day,3,30,mice,CIA mice,CNTO345,Chen16,337.5
Joint Lavage,pk,,,1.3,pmol/ml,,0.027,,,7,NA,day,3,30,mice,CIA mice,CNTO345,Chen16,337.5
Joint Lavage,pk,,,1.8,pmol/ml,,0.027,,,7,NA,day,3,30,mice,CIA mice,CNTO345,Chen16,337.5
Joint Lavage,pk,,,0.046,pmol/ml,,0.027,,,14,NA,day,3,30,mice,CIA mice,CNTO345,Chen16,337.5
Joint Lavage,pk,,,0.12,pmol/ml,,0.027,,,14,NA,day,3,30,mice,CIA mice,CNTO345,Chen16,337.5
Joint Lavage,pk,,,0.12,pmol/ml,,0.027,,,14,NA,day,3,30,mice,CIA mice,CNTO345,Chen16,337.5
Joint Lavage,pk,,,0.17,pmol/ml,,0.027,,,14,NA,day,3,30,mice,CIA mice,CNTO345,Chen16,337.5
Joint Lavage,pk,,,0.38,pmol/ml,,0.027,,,14,NA,day,3,30,mice,CIA mice,CNTO345,Chen16,337.5
Joint Lavage,pk,,,0.055,pmol/ml,,0.027,,,21,NA,day,3,30,mice,CIA mice,CNTO345,Chen16,337.5
Joint Lavage,pk,,,0.075,pmol/ml,,0.027,,,21,NA,day,3,30,mice,CIA mice,CNTO345,Chen16,337.5
Joint Lavage,pk,,,0.15,pmol/ml,,0.027,,,21,NA,day,3,30,mice,CIA mice,CNTO345,Chen16,337.5
dose,dose,,,30,mg/kg,,0.027,NaN,IV BOLUS,NA,NA,day,4,30,mice,Healthy mice,CNTO345,Chen16,337.5
Joint Lavage,pk,,,0.39,pmol/ml,,0.027,,,0.038,,day,4,30,mice,Healthy mice,CNTO345,Chen16,337.5
Joint Lavage,pk,,,0.48,pmol/ml,,0.027,,,0.038,,day,4,30,mice,Healthy mice,CNTO345,Chen16,337.5
Joint Lavage,pk,,,0.56,pmol/ml,,0.027,,,0.038,,day,4,30,mice,Healthy mice,CNTO345,Chen16,337.5
Joint Lavage,pk,,,0.76,pmol/ml,,0.027,,,0.038,,day,4,30,mice,Healthy mice,CNTO345,Chen16,337.5
Joint Lavage,pk,,,1.1,pmol/ml,,0.027,,,0.038,,day,4,30,mice,Healthy mice,CNTO345,Chen16,337.5
Joint Lavage,pk,,,1.2,pmol/ml,,0.027,,,0.038,,day,4,30,mice,Healthy mice,CNTO345,Chen16,337.5
Joint Lavage,pk,,,1.7,pmol/ml,,0.027,,,0.038,,day,4,30,mice,Healthy mice,CNTO345,Chen16,337.5
Joint Lavage,pk,,,2.4,pmol/ml,,0.027,,,0.038,,day,4,30,mice,Healthy mice,CNTO345,Chen16,337.5
Joint Lavage,pk,,,0.28,pmol/ml,,0.027,,,1,,day,4,30,mice,Healthy mice,CNTO345,Chen16,337.5
Joint Lavage,pk,,,0.32,pmol/ml,,0.027,,,1,,day,4,30,mice,Healthy mice,CNTO345,Chen16,337.5
Joint Lavage,pk,,,0.38,pmol/ml,,0.027,,,1,,day,4,30,mice,Healthy mice,CNTO345,Chen16,337.5
Joint Lavage,pk,,,0.43,pmol/ml,,0.027,,,1,,day,4,30,mice,Healthy mice,CNTO345,Chen16,337.5
Joint Lavage,pk,,,0.48,pmol/ml,,0.027,,,1,,day,4,30,mice,Healthy mice,CNTO345,Chen16,337.5
Joint Lavage,pk,,,0.57,pmol/ml,,0.027,,,1,,day,4,30,mice,Healthy mice,CNTO345,Chen16,337.5
Joint Lavage,pk,,,1.7,pmol/ml,,0.027,,,1,,day,4,30,mice,Healthy mice,CNTO345,Chen16,337.5
Joint Lavage,pk,,,3.3,pmol/ml,,0.027,,,1,,day,4,30,mice,Healthy mice,CNTO345,Chen16,337.5
Joint Lavage,pk,,,0.29,pmol/ml,,0.027,,,3,,day,4,30,mice,Healthy mice,CNTO345,Chen16,337.5
Joint Lavage,pk,,,0.34,pmol/ml,,0.027,,,3,,day,4,30,mice,Healthy mice,CNTO345,Chen16,337.5
Joint Lavage,pk,,,0.38,pmol/ml,,0.027,,,3,,day,4,30,mice,Healthy mice,CNTO345,Chen16,337.5
Joint Lavage,pk,,,0.52,pmol/ml,,0.027,,,3,,day,4,30,mice,Healthy mice,CNTO345,Chen16,337.5
Joint Lavage,pk,,,0.56,pmol/ml,,0.027,,,3,,day,4,30,mice,Healthy mice,CNTO345,Chen16,337.5
Joint Lavage,pk,,,0.81,pmol/ml,,0.027,,,3,,day,4,30,mice,Healthy mice,CNTO345,Chen16,337.5
Joint Lavage,pk,,,1.9,pmol/ml,,0.027,,,3,,day,4,30,mice,Healthy mice,CNTO345,Chen16,337.5
Joint Lavage,pk,,,0.21,pmol/ml,,0.027,,,7,,day,4,30,mice,Healthy mice,CNTO345,Chen16,337.5
Joint Lavage,pk,,,0.21,pmol/ml,,0.027,,,7,,day,4,30,mice,Healthy mice,CNTO345,Chen16,337.5
Joint Lavage,pk,,,0.27,pmol/ml,,0.027,,,7,,day,4,30,mice,Healthy mice,CNTO345,Chen16,337.5
Joint Lavage,pk,,,0.37,pmol/ml,,0.027,,,7,,day,4,30,mice,Healthy mice,CNTO345,Chen16,337.5
Joint Lavage,pk,,,0.55,pmol/ml,,0.027,,,7,,day,4,30,mice,Healthy mice,CNTO345,Chen16,337.5
Joint Lavage,pk,,,0.83,pmol/ml,,0.027,,,7,,day,4,30,mice,Healthy mice,CNTO345,Chen16,337.5
Joint Lavage,pk,,,0.069,pmol/ml,,0.027,,,14,,day,4,30,mice,Healthy mice,CNTO345,Chen16,337.5
Joint Lavage,pk,,,0.11,pmol/ml,,0.027,,,14,,day,4,30,mice,Healthy mice,CNTO345,Chen16,337.5
Joint Lavage,pk,,,0.21,pmol/ml,,0.027,,,14,,day,4,30,mice,Healthy mice,CNTO345,Chen16,337.5
Joint Lavage,pk,,,0.3,pmol/ml,,0.027,,,14,,day,4,30,mice,Healthy mice,CNTO345,Chen16,337.5
Joint Lavage,pk,,,0.4,pmol/ml,,0.027,,,14,,day,4,30,mice,Healthy mice,CNTO345,Chen16,337.5
Joint Lavage,pk,,,0.68,pmol/ml,,0.027,,,14,,day,4,30,mice,Healthy mice,CNTO345,Chen16,337.5
Joint Lavage,pk,,,0.8,pmol/ml,,0.027,,,14,,day,4,30,mice,Healthy mice,CNTO345,Chen16,337.5
Joint Lavage,pk,,,0.062,pmol/ml,,0.027,,,21,,day,4,30,mice,Healthy mice,CNTO345,Chen16,337.5
Joint Lavage,pk,,,0.077,pmol/ml,,0.027,,,21,,day,4,30,mice,Healthy mice,CNTO345,Chen16,337.5
Joint Lavage,pk,,,0.09,pmol/ml,,0.027,,,21,,day,4,30,mice,Healthy mice,CNTO345,Chen16,337.5
Joint Lavage,pk,,,0.12,pmol/ml,,0.027,,,21,,day,4,30,mice,Healthy mice,CNTO345,Chen16,337.5
dose,dose,,,0.3,mg/kg,,0.00022,NaN,IV BOLUS,NA,NA,day,1,0.3,mice,CIA mice,CNTO345,Chen16,3.375
Joint Lavage,free target,Free IL-6,,0.00012,pmol/ml,,0.00022,,,0.038,,day,1,0.3,mice,CIA mice,CNTO345,Chen16,3.375
Joint Lavage,free target,,,0.00041,pmol/ml,,0.00022,,,0.038,,day,1,0.3,mice,CIA mice,CNTO345,Chen16,3.375
Joint Lavage,free target,,,0.00063,pmol/ml,,0.00022,,,0.038,,day,1,0.3,mice,CIA mice,CNTO345,Chen16,3.375
Joint Lavage,free target,,,0.0011,pmol/ml,,0.00022,,,0.038,,day,1,0.3,mice,CIA mice,CNTO345,Chen16,3.375
Joint Lavage,free target,,,0.002,pmol/ml,,0.00022,,,0.038,,day,1,0.3,mice,CIA mice,CNTO345,Chen16,3.375
Joint Lavage,free target,,,0.005,pmol/ml,,0.00022,,,0.038,,day,1,0.3,mice,CIA mice,CNTO345,Chen16,3.375
Joint Lavage,free target,,,0.013,pmol/ml,,0.00022,,,0.038,,day,1,0.3,mice,CIA mice,CNTO345,Chen16,3.375
Joint Lavage,free target,,,0.019,pmol/ml,,0.00022,,,0.038,,day,1,0.3,mice,CIA mice,CNTO345,Chen16,3.375
Joint Lavage,free target,,,0.032,pmol/ml,,0.00022,,,0.038,,day,1,0.3,mice,CIA mice,CNTO345,Chen16,3.375
Joint Lavage,free target,,,0.00013,pmol/ml,,0.00022,,,1,,day,1,0.3,mice,CIA mice,CNTO345,Chen16,3.375
Joint Lavage,free target,,,0.00057,pmol/ml,,0.00022,,,1,,day,1,0.3,mice,CIA mice,CNTO345,Chen16,3.375
Joint Lavage,free target,,,0.0012,pmol/ml,,0.00022,,,1,,day,1,0.3,mice,CIA mice,CNTO345,Chen16,3.375
Joint Lavage,free target,,,0.0022,pmol/ml,,0.00022,,,1,,day,1,0.3,mice,CIA mice,CNTO345,Chen16,3.375
Joint Lavage,free target,,,0.003,pmol/ml,,0.00022,,,1,,day,1,0.3,mice,CIA mice,CNTO345,Chen16,3.375
Joint Lavage,free target,,,0.0068,pmol/ml,,0.00022,,,1,,day,1,0.3,mice,CIA mice,CNTO345,Chen16,3.375
Joint Lavage,free target,,,0.00012,pmol/ml,,0.00022,,,3,,day,1,0.3,mice,CIA mice,CNTO345,Chen16,3.375
Joint Lavage,free target,,,0.00063,pmol/ml,,0.00022,,,3,,day,1,0.3,mice,CIA mice,CNTO345,Chen16,3.375
Joint Lavage,free target,,,0.002,pmol/ml,,0.00022,,,3,,day,1,0.3,mice,CIA mice,CNTO345,Chen16,3.375
Joint Lavage,free target,,,0.0033,pmol/ml,,0.00022,,,3,,day,1,0.3,mice,CIA mice,CNTO345,Chen16,3.375
Joint Lavage,free target,,,0.0075,pmol/ml,,0.00022,,,3,,day,1,0.3,mice,CIA mice,CNTO345,Chen16,3.375
Joint Lavage,free target,,,0.00013,pmol/ml,,0.00022,,,7,,day,1,0.3,mice,CIA mice,CNTO345,Chen16,3.375
Joint Lavage,free target,,,0.0007,pmol/ml,,0.00022,,,7,,day,1,0.3,mice,CIA mice,CNTO345,Chen16,3.375
Joint Lavage,free target,,,0.0013,pmol/ml,,0.00022,,,7,,day,1,0.3,mice,CIA mice,CNTO345,Chen16,3.375
Joint Lavage,free target,,,0.0036,pmol/ml,,0.00022,,,7,,day,1,0.3,mice,CIA mice,CNTO345,Chen16,3.375
Joint Lavage,free target,,,0.0061,pmol/ml,,0.00022,,,7,,day,1,0.3,mice,CIA mice,CNTO345,Chen16,3.375
Joint Lavage,free target,,,0.0083,pmol/ml,,0.00022,,,7,,day,1,0.3,mice,CIA mice,CNTO345,Chen16,3.375
Joint Lavage,free target,,,0.014,pmol/ml,,0.00022,,,7,,day,1,0.3,mice,CIA mice,CNTO345,Chen16,3.375
Joint Lavage,free target,,,0.00013,pmol/ml,,0.00022,,,14,,day,1,0.3,mice,CIA mice,CNTO345,Chen16,3.375
Joint Lavage,free target,,,0.00027,pmol/ml,,0.00022,,,14,,day,1,0.3,mice,CIA mice,CNTO345,Chen16,3.375
Joint Lavage,free target,,,0.00051,pmol/ml,,0.00022,,,14,,day,1,0.3,mice,CIA mice,CNTO345,Chen16,3.375
Joint Lavage,free target,,,0.0013,pmol/ml,,0.00022,,,14,,day,1,0.3,mice,CIA mice,CNTO345,Chen16,3.375
Joint Lavage,free target,,,0.0016,pmol/ml,,0.00022,,,14,,day,1,0.3,mice,CIA mice,CNTO345,Chen16,3.375
Joint Lavage,free target,,,0.00046,pmol/ml,,0.00022,,,21,,day,1,0.3,mice,CIA mice,CNTO345,Chen16,3.375
Joint Lavage,free target,,,0.00063,pmol/ml,,0.00022,,,21,,day,1,0.3,mice,CIA mice,CNTO345,Chen16,3.375
Joint Lavage,free target,,,0.00095,pmol/ml,,0.00022,,,21,,day,1,0.3,mice,CIA mice,CNTO345,Chen16,3.375
Joint Lavage,free target,,,0.0016,pmol/ml,,0.00022,,,21,,day,1,0.3,mice,CIA mice,CNTO345,Chen16,3.375
Joint Lavage,free target,,,0.0027,pmol/ml,,0.00022,,,21,,day,1,0.3,mice,CIA mice,CNTO345,Chen16,3.375
Joint Lavage,free target,,,0.01,pmol/ml,,0.00022,,,21,,day,1,0.3,mice,CIA mice,CNTO345,Chen16,3.375
Joint Lavage,free target,,,0.013,pmol/ml,,0.00022,,,21,,day,1,0.3,mice,CIA mice,CNTO345,Chen16,3.375
dose,dose,,,3,mg/kg,,0.00022,NaN,IV BOLUS,NA,NA,day,2,3,mice,CIA mice,CNTO345,Chen16,33.75
Joint Lavage,free target,,,0.00015,pmol/ml,,0.00022,,,0.038,,day,2,3,mice,CIA mice,CNTO345,Chen16,33.75
Joint Lavage,free target,,,0.0007,pmol/ml,,0.00022,,,0.038,,day,2,3,mice,CIA mice,CNTO345,Chen16,33.75
Joint Lavage,free target,,,0.00086,pmol/ml,,0.00022,,,0.038,,day,2,3,mice,CIA mice,CNTO345,Chen16,33.75
Joint Lavage,free target,,,0.0012,pmol/ml,,0.00022,,,0.038,,day,2,3,mice,CIA mice,CNTO345,Chen16,33.75
Joint Lavage,free target,,,0.0045,pmol/ml,,0.00022,,,0.038,,day,2,3,mice,CIA mice,CNTO345,Chen16,33.75
Joint Lavage,free target,,,0.00014,pmol/ml,,0.00022,,,1,,day,2,3,mice,CIA mice,CNTO345,Chen16,33.75
Joint Lavage,free target,,,0.00063,pmol/ml,,0.00022,,,1,,day,2,3,mice,CIA mice,CNTO345,Chen16,33.75
Joint Lavage,free target,,,0.0012,pmol/ml,,0.00022,,,1,,day,2,3,mice,CIA mice,CNTO345,Chen16,33.75
Joint Lavage,free target,,,0.0024,pmol/ml,,0.00022,,,1,,day,2,3,mice,CIA mice,CNTO345,Chen16,33.75
Joint Lavage,free target,,,0.00015,pmol/ml,,0.00022,,,3,,day,2,3,mice,CIA mice,CNTO345,Chen16,33.75
Joint Lavage,free target,,,0.00042,pmol/ml,,0.00022,,,3,,day,2,3,mice,CIA mice,CNTO345,Chen16,33.75
Joint Lavage,free target,,,0.00052,pmol/ml,,0.00022,,,3,,day,2,3,mice,CIA mice,CNTO345,Chen16,33.75
Joint Lavage,free target,,,0.00087,pmol/ml,,0.00022,,,3,,day,2,3,mice,CIA mice,CNTO345,Chen16,33.75
Joint Lavage,free target,,,0.0018,pmol/ml,,0.00022,,,3,,day,2,3,mice,CIA mice,CNTO345,Chen16,33.75
Joint Lavage,free target,,,0.00015,pmol/ml,,0.00022,,,7,,day,2,3,mice,CIA mice,CNTO345,Chen16,33.75
Joint Lavage,free target,,,0.00029,pmol/ml,,0.00022,,,7,,day,2,3,mice,CIA mice,CNTO345,Chen16,33.75
Joint Lavage,free target,,,0.00048,pmol/ml,,0.00022,,,7,,day,2,3,mice,CIA mice,CNTO345,Chen16,33.75
Joint Lavage,free target,,,0.00072,pmol/ml,,0.00022,,,7,,day,2,3,mice,CIA mice,CNTO345,Chen16,33.75
Joint Lavage,free target,,,0.0013,pmol/ml,,0.00022,,,7,,day,2,3,mice,CIA mice,CNTO345,Chen16,33.75
Joint Lavage,free target,,,0.0018,pmol/ml,,0.00022,,,7,,day,2,3,mice,CIA mice,CNTO345,Chen16,33.75
Joint Lavage,free target,,,0.0034,pmol/ml,,0.00022,,,7,,day,2,3,mice,CIA mice,CNTO345,Chen16,33.75
Joint Lavage,free target,,,0.00016,pmol/ml,,0.00022,,,14,,day,2,3,mice,CIA mice,CNTO345,Chen16,33.75
Joint Lavage,free target,,,0.0013,pmol/ml,,0.00022,,,14,,day,2,3,mice,CIA mice,CNTO345,Chen16,33.75
Joint Lavage,free target,,,0.0039,pmol/ml,,0.00022,,,14,,day,2,3,mice,CIA mice,CNTO345,Chen16,33.75
Joint Lavage,free target,,,0.0089,pmol/ml,,0.00022,,,14,,day,2,3,mice,CIA mice,CNTO345,Chen16,33.75
Joint Lavage,free target,,,0.011,pmol/ml,,0.00022,,,14,,day,2,3,mice,CIA mice,CNTO345,Chen16,33.75
Joint Lavage,free target,,,0.00017,pmol/ml,,0.00022,,,21,,day,2,3,mice,CIA mice,CNTO345,Chen16,33.75
Joint Lavage,free target,,,0.0011,pmol/ml,,0.00022,,,21,,day,2,3,mice,CIA mice,CNTO345,Chen16,33.75
Joint Lavage,free target,,,0.0013,pmol/ml,,0.00022,,,21,,day,2,3,mice,CIA mice,CNTO345,Chen16,33.75
Joint Lavage,free target,,,0.0061,pmol/ml,,0.00022,,,21,,day,2,3,mice,CIA mice,CNTO345,Chen16,33.75
dose,dose,,,30,mg/kg,,0.00022,NaN,IV BOLUS,NA,NA,day,3,30,mice,CIA mice,CNTO345,Chen16,337.5
Joint Lavage,free target,,,0.00012,pmol/ml,,0.00022,,,0.038,,day,3,30,mice,CIA mice,CNTO345,Chen16,337.5
Joint Lavage,free target,,,0.0003,pmol/ml,,0.00022,,,0.038,,day,3,30,mice,CIA mice,CNTO345,Chen16,337.5
Joint Lavage,free target,,,0.00013,pmol/ml,,0.00022,,,1,,day,3,30,mice,CIA mice,CNTO345,Chen16,337.5
Joint Lavage,free target,,,0.00025,pmol/ml,,0.00022,,,1,,day,3,30,mice,CIA mice,CNTO345,Chen16,337.5
Joint Lavage,free target,,,0.00037,pmol/ml,,0.00022,,,1,,day,3,30,mice,CIA mice,CNTO345,Chen16,337.5
Joint Lavage,free target,,,0.00012,pmol/ml,,0.00022,,,3,,day,3,30,mice,CIA mice,CNTO345,Chen16,337.5
Joint Lavage,free target,,,0.00027,pmol/ml,,0.00022,,,3,,day,3,30,mice,CIA mice,CNTO345,Chen16,337.5
Joint Lavage,free target,,,0.00041,pmol/ml,,0.00022,,,3,,day,3,30,mice,CIA mice,CNTO345,Chen16,337.5
Joint Lavage,free target,,,0.00012,pmol/ml,,0.00022,,,7,,day,3,30,mice,CIA mice,CNTO345,Chen16,337.5
Joint Lavage,free target,,,0.00025,pmol/ml,,0.00022,,,7,,day,3,30,mice,CIA mice,CNTO345,Chen16,337.5
Joint Lavage,free target,,,0.00037,pmol/ml,,0.00022,,,7,,day,3,30,mice,CIA mice,CNTO345,Chen16,337.5
Joint Lavage,free target,,,0.0007,pmol/ml,,0.00022,,,7,,day,3,30,mice,CIA mice,CNTO345,Chen16,337.5
Joint Lavage,free target,,,0.0014,pmol/ml,,0.00022,,,7,,day,3,30,mice,CIA mice,CNTO345,Chen16,337.5
Joint Lavage,free target,,,0.00012,pmol/ml,,0.00022,,,14,,day,3,30,mice,CIA mice,CNTO345,Chen16,337.5
Joint Lavage,free target,,,0.00027,pmol/ml,,0.00022,,,14,,day,3,30,mice,CIA mice,CNTO345,Chen16,337.5
Joint Lavage,free target,,,0.0011,pmol/ml,,0.00022,,,14,,day,3,30,mice,CIA mice,CNTO345,Chen16,337.5
Joint Lavage,free target,,,0.0016,pmol/ml,,0.00022,,,14,,day,3,30,mice,CIA mice,CNTO345,Chen16,337.5
Joint Lavage,free target,,,0.0024,pmol/ml,,0.00022,,,14,,day,3,30,mice,CIA mice,CNTO345,Chen16,337.5
Joint Lavage,free target,,,0.00013,pmol/ml,,0.00022,,,21,,day,3,30,mice,CIA mice,CNTO345,Chen16,337.5
Joint Lavage,free target,,,0.0003,pmol/ml,,0.00022,,,21,,day,3,30,mice,CIA mice,CNTO345,Chen16,337.5
Joint Lavage,free target,,,0.00086,pmol/ml,,0.00022,,,21,,day,3,30,mice,CIA mice,CNTO345,Chen16,337.5
Joint Lavage,free target,,,0.0014,pmol/ml,,0.00022,,,21,,day,3,30,mice,CIA mice,CNTO345,Chen16,337.5
Joint Lavage,free target,,,0.0022,pmol/ml,,0.00022,,,21,,day,3,30,mice,CIA mice,CNTO345,Chen16,337.5
dose,dose,,,0.3,mg/kg,,0.0003,NaN,IV BOLUS,NA,NA,day,1,0.3,mice,CIA mice,CNTO345,Chen16,3.375
Joint Lavage,total target,,,0.00051,pmol/ml,,0.0003,,,0.083,,day,1,0.3,mice,CIA mice,CNTO345,Chen16,3.375
Joint Lavage,total target,,,0.0013,pmol/ml,,0.0003,,,0.083,,day,1,0.3,mice,CIA mice,CNTO345,Chen16,3.375
Joint Lavage,total target,,,0.0022,pmol/ml,,0.0003,,,0.083,,day,1,0.3,mice,CIA mice,CNTO345,Chen16,3.375
Joint Lavage,total target,,,0.0036,pmol/ml,,0.0003,,,0.083,,day,1,0.3,mice,CIA mice,CNTO345,Chen16,3.375
Joint Lavage,total target,,,0.005,pmol/ml,,0.0003,,,0.083,,day,1,0.3,mice,CIA mice,CNTO345,Chen16,3.375
Joint Lavage,total target,,,0.0068,pmol/ml,,0.0003,,,0.083,,day,1,0.3,mice,CIA mice,CNTO345,Chen16,3.375
Joint Lavage,total target,,,0.01,pmol/ml,,0.0003,,,0.083,,day,1,0.3,mice,CIA mice,CNTO345,Chen16,3.375
Joint Lavage,total target,,,0.00051,pmol/ml,,0.0003,,,0.083,,day,1,0.3,mice,CIA mice,CNTO345,Chen16,3.375
Joint Lavage,total target,,,0.0024,pmol/ml,,0.0003,,,0.083,,day,1,0.3,mice,CIA mice,CNTO345,Chen16,3.375
Joint Lavage,total target,,,0.0033,pmol/ml,,0.0003,,,1,,day,1,0.3,mice,CIA mice,CNTO345,Chen16,3.375
Joint Lavage,total target,,,0.004,pmol/ml,,0.0003,,,1,,day,1,0.3,mice,CIA mice,CNTO345,Chen16,3.375
Joint Lavage,total target,,,0.0055,pmol/ml,,0.0003,,,1,,day,1,0.3,mice,CIA mice,CNTO345,Chen16,3.375
Joint Lavage,total target,,,0.0075,pmol/ml,,0.0003,,,1,,day,1,0.3,mice,CIA mice,CNTO345,Chen16,3.375
Joint Lavage,total target,,,0.011,pmol/ml,,0.0003,,,1,,day,1,0.3,mice,CIA mice,CNTO345,Chen16,3.375
Joint Lavage,total target,,,0.017,pmol/ml,,0.0003,,,1,,day,1,0.3,mice,CIA mice,CNTO345,Chen16,3.375
Joint Lavage,total target,,,0.00051,pmol/ml,,0.0003,,,3,,day,1,0.3,mice,CIA mice,CNTO345,Chen16,3.375
Joint Lavage,total target,,,0.0024,pmol/ml,,0.0003,,,3,,day,1,0.3,mice,CIA mice,CNTO345,Chen16,3.375
Joint Lavage,total target,,,0.0036,pmol/ml,,0.0003,,,3,,day,1,0.3,mice,CIA mice,CNTO345,Chen16,3.375
Joint Lavage,total target,,,0.0055,pmol/ml,,0.0003,,,3,,day,1,0.3,mice,CIA mice,CNTO345,Chen16,3.375
Joint Lavage,total target,,,0.0075,pmol/ml,,0.0003,,,3,,day,1,0.3,mice,CIA mice,CNTO345,Chen16,3.375
Joint Lavage,total target,,,0.013,pmol/ml,,0.0003,,,3,,day,1,0.3,mice,CIA mice,CNTO345,Chen16,3.375
Joint Lavage,total target,,,0.00051,pmol/ml,,0.0003,,,7,,day,1,0.3,mice,CIA mice,CNTO345,Chen16,3.375
Joint Lavage,total target,,,0.0018,pmol/ml,,0.0003,,,7,,day,1,0.3,mice,CIA mice,CNTO345,Chen16,3.375
Joint Lavage,total target,,,0.0018,pmol/ml,,0.0003,,,7,,day,1,0.3,mice,CIA mice,CNTO345,Chen16,3.375
Joint Lavage,total target,,,0.0045,pmol/ml,,0.0003,,,7,,day,1,0.3,mice,CIA mice,CNTO345,Chen16,3.375
Joint Lavage,total target,,,0.0045,pmol/ml,,0.0003,,,7,,day,1,0.3,mice,CIA mice,CNTO345,Chen16,3.375
Joint Lavage,total target,,,0.00051,pmol/ml,,0.0003,,,14,,day,1,0.3,mice,CIA mice,CNTO345,Chen16,3.375
Joint Lavage,total target,,,0.00051,pmol/ml,,0.0003,,,21,,day,1,0.3,mice,CIA mice,CNTO345,Chen16,3.375
Joint Lavage,total target,,,0.0022,pmol/ml,,0.0003,,,21,,day,1,0.3,mice,CIA mice,CNTO345,Chen16,3.375
Joint Lavage,total target,,,0.004,pmol/ml,,0.0003,,,21,,day,1,0.3,mice,CIA mice,CNTO345,Chen16,3.375
Joint Lavage,total target,,,0.0055,pmol/ml,,0.0003,,,21,,day,1,0.3,mice,CIA mice,CNTO345,Chen16,3.375
Joint Lavage,total target,,,0.0083,pmol/ml,,0.0003,,,21,,day,1,0.3,mice,CIA mice,CNTO345,Chen16,3.375
dose,dose,,,3,mg/kg,,0.0003,NaN,IV BOLUS,NA,NA,day,2,3,mice,CIA mice,CNTO345,Chen16,33.75
Joint Lavage,total target,,,0.00046,pmol/ml,,0.0003,,,0.083,,day,2,3,mice,CIA mice,CNTO345,Chen16,33.75
Joint Lavage,total target,,,0.0027,pmol/ml,,0.0003,,,0.083,,day,2,3,mice,CIA mice,CNTO345,Chen16,33.75
Joint Lavage,total target,,,0.0055,pmol/ml,,0.0003,,,0.083,,day,2,3,mice,CIA mice,CNTO345,Chen16,33.75
Joint Lavage,total target,,,0.017,pmol/ml,,0.0003,,,0.083,,day,2,3,mice,CIA mice,CNTO345,Chen16,33.75
Joint Lavage,total target,,,0.00045,pmol/ml,,0.0003,,,1,,day,2,3,mice,CIA mice,CNTO345,Chen16,33.75
Joint Lavage,total target,,,0.0018,pmol/ml,,0.0003,,,1,,day,2,3,mice,CIA mice,CNTO345,Chen16,33.75
Joint Lavage,total target,,,0.0018,pmol/ml,,0.0003,,,1,,day,2,3,mice,CIA mice,CNTO345,Chen16,33.75
Joint Lavage,total target,,,0.0045,pmol/ml,,0.0003,,,1,,day,2,3,mice,CIA mice,CNTO345,Chen16,33.75
Joint Lavage,total target,,,0.013,pmol/ml,,0.0003,,,1,,day,2,3,mice,CIA mice,CNTO345,Chen16,33.75
Joint Lavage,total target,,,0.00041,pmol/ml,,0.0003,,,3,,day,2,3,mice,CIA mice,CNTO345,Chen16,33.75
Joint Lavage,total target,,,0.00084,pmol/ml,,0.0003,,,3,,day,2,3,mice,CIA mice,CNTO345,Chen16,33.75
Joint Lavage,total target,,,0.0019,pmol/ml,,0.0003,,,3,,day,2,3,mice,CIA mice,CNTO345,Chen16,33.75
Joint Lavage,total target,,,0.0036,pmol/ml,,0.0003,,,3,,day,2,3,mice,CIA mice,CNTO345,Chen16,33.75
Joint Lavage,total target,,,0.00044,pmol/ml,,0.0003,,,7,,day,2,3,mice,CIA mice,CNTO345,Chen16,33.75
Joint Lavage,total target,,,0.0023,pmol/ml,,0.0003,,,7,,day,2,3,mice,CIA mice,CNTO345,Chen16,33.75
Joint Lavage,total target,,,0.0043,pmol/ml,,0.0003,,,7,,day,2,3,mice,CIA mice,CNTO345,Chen16,33.75
Joint Lavage,total target,,,0.00043,pmol/ml,,0.0003,,,14,,day,2,3,mice,CIA mice,CNTO345,Chen16,33.75
Joint Lavage,total target,,,0.0016,pmol/ml,,0.0003,,,14,,day,2,3,mice,CIA mice,CNTO345,Chen16,33.75
Joint Lavage,total target,,,0.00037,pmol/ml,,0.0003,,,21,,day,2,3,mice,CIA mice,CNTO345,Chen16,33.75
Joint Lavage,total target,,,0.00085,pmol/ml,,0.0003,,,21,,day,2,3,mice,CIA mice,CNTO345,Chen16,33.75
Joint Lavage,total target,,,0.0012,pmol/ml,,0.0003,,,21,,day,2,3,mice,CIA mice,CNTO345,Chen16,33.75
Joint Lavage,total target,,,0.0024,pmol/ml,,0.0003,,,21,,day,2,3,mice,CIA mice,CNTO345,Chen16,33.75
dose,dose,,,30,mg/kg,,0.0003,NaN,IV BOLUS,NA,NA,day,3,30,mice,CIA mice,CNTO345,Chen16,337.5
Joint Lavage,total target,,,0.00051,pmol/ml,,0.0003,,,0.083,,day,3,30,mice,CIA mice,CNTO345,Chen16,337.5
Joint Lavage,total target,,,0.0075,pmol/ml,,0.0003,,,0.083,,day,3,30,mice,CIA mice,CNTO345,Chen16,337.5
Joint Lavage,total target,,,0.016,pmol/ml,,0.0003,,,0.083,,day,3,30,mice,CIA mice,CNTO345,Chen16,337.5
Joint Lavage,total target,,,0.00051,pmol/ml,,0.0003,,,1,,day,3,30,mice,CIA mice,CNTO345,Chen16,337.5
Joint Lavage,total target,,,0.0012,pmol/ml,,0.0003,,,1,,day,3,30,mice,CIA mice,CNTO345,Chen16,337.5
Joint Lavage,total target,,,0.011,pmol/ml,,0.0003,,,1,,day,3,30,mice,CIA mice,CNTO345,Chen16,337.5
Joint Lavage,total target,,,0.017,pmol/ml,,0.0003,,,1,,day,3,30,mice,CIA mice,CNTO345,Chen16,337.5
Joint Lavage,total target,,,0.00051,pmol/ml,,0.0003,,,3,,day,3,30,mice,CIA mice,CNTO345,Chen16,337.5
Joint Lavage,total target,,,0.00095,pmol/ml,,0.0003,,,3,,day,3,30,mice,CIA mice,CNTO345,Chen16,337.5
Joint Lavage,total target,,,0.0045,pmol/ml,,0.0003,,,3,,day,3,30,mice,CIA mice,CNTO345,Chen16,337.5
Joint Lavage,total target,,,0.014,pmol/ml,,0.0003,,,3,,day,3,30,mice,CIA mice,CNTO345,Chen16,337.5
Joint Lavage,total target,,,0.00041,pmol/ml,,0.0003,,,7,,day,3,30,mice,CIA mice,CNTO345,Chen16,337.5
Joint Lavage,total target,,,0.0013,pmol/ml,,0.0003,,,7,,day,3,30,mice,CIA mice,CNTO345,Chen16,337.5
Joint Lavage,total target,,,0.0033,pmol/ml,,0.0003,,,7,,day,3,30,mice,CIA mice,CNTO345,Chen16,337.5
Joint Lavage,total target,,,0.0045,pmol/ml,,0.0003,,,7,,day,3,30,mice,CIA mice,CNTO345,Chen16,337.5
Joint Lavage,total target,,,0.00051,pmol/ml,,0.0003,,,14,,day,3,30,mice,CIA mice,CNTO345,Chen16,337.5
Joint Lavage,total target,,,0.002,pmol/ml,,0.0003,,,14,,day,3,30,mice,CIA mice,CNTO345,Chen16,337.5
Joint Lavage,total target,,,0.0036,pmol/ml,,0.0003,,,14,,day,3,30,mice,CIA mice,CNTO345,Chen16,337.5
Joint Lavage,total target,,,0.00046,pmol/ml,,0.0003,,,21,,day,3,30,mice,CIA mice,CNTO345,Chen16,337.5
Joint Lavage,total target,,,0.00095,pmol/ml,,0.0003,,,21,,day,3,30,mice,CIA mice,CNTO345,Chen16,337.5
Joint Lavage,total target,,,0.0014,pmol/ml,,0.0003,,,21,,day,3,30,mice,CIA mice,CNTO345,Chen16,337.5
Joint Lavage,total target,,,0.0045,pmol/ml,,0.0003,,,21,,day,3,30,mice,CIA mice,CNTO345,Chen16,337.5
